2026-09-06 01:35:42.9720000;sql_statement_completed;105;NULL;IF ((SELECT COUNT(1) FROM AXDBINFO) = 0) OR  NOT EXISTS (    SELECT 1    FROM   (SELECT TOP 1 SYSTEMTYPE, COUNTRYCODE, HLNUMBER, VERSION, DATO_SISTEMA    FROM AXDBINFO   ORDER BY LAST_UPDATE DESC) LAST_AXDBINFO   WHERE   LAST_AXDBINFO.COUNTRYCODE = 'AR'   AND LAST_AXDBINFO.DATO_SISTEMA = (SELECT VERSION_SISTEMA FROM DATO_SISTEMA)   AND LAST_AXDBINFO.HLNUMBER = '001174/003'   AND LAST_AXDBINFO.SYSTEMTYPE = 'GESTION'   AND LAST_AXDBINFO.VERSION = (SELECT MAX(CAST(VERSION as INTEGER)) FROM VERSION) )
2026-09-06 01:35:42.9880000;sql_statement_completed;105;NULL;CREATE FUNCTION FN_AXDBINFO()  RETURNS @SYS_DBINFO TABLE  ( SYSTEMTYPE  varchar(50),    COUNTRYCODE varchar(10),    HLNUMBER    varchar(15),    VERSION     varchar(20),    DATO_SISTEMA varchar(20)   ) AS  BEGIN    INSERT @SYS_DBINFO (SYSTEMTYPE, COUNTRYCODE, HLNUMBER, VERSION, DATO_SISTEMA)    SELECT TOP 1 SYSTEMTYPE, COUNTRYCODE, HLNUMBER, VERSION, DATO_SISTEMA    FROM AXDBINFO    ORDER BY LAST_UPDATE DESC    RETURN  END
2026-09-06 01:35:44.1530000;sp_statement_completed;112;;INSERT INTO TablasEnUso VALUES(@ProcessID, @TableName, @TableID, 'S', @AppName, @Terminal, @User)
2026-09-06 01:35:44.1710000;sp_statement_completed;112;;INSERT INTO TablasEnUso VALUES(@ProcessID, @TableName, @TableID, @Modo, @AppName, @Terminal, @User)
2026-09-06 01:35:44.1840000;sp_statement_completed;112;;INSERT INTO TablasEnUso VALUES(@ProcessID, @TableName, @TableID, 'S', @AppName, @Terminal, @User)
2026-09-06 01:35:44.2970000;sp_statement_completed;112;;INSERT INTO TablasEnUso VALUES(@ProcessID, @TableName, @TableID, 'S', @AppName, @Terminal, @User)
2026-09-06 01:35:44.3320000;sp_statement_completed;112;;INSERT INTO TablasEnUso VALUES(@ProcessID, @TableName, @TableID, 'S', @AppName, @Terminal, @User)
2026-09-06 01:35:44.3380000;sp_statement_completed;112;;INSERT INTO TablasEnUso VALUES(@ProcessID, @TableName, @TableID, @Modo, @AppName, @Terminal, @User)
2026-09-06 01:35:44.3430000;sp_statement_completed;112;;INSERT INTO TablasEnUso VALUES(@ProcessID, @TableName, @TableID, 'S', @AppName, @Terminal, @User)
2026-09-06 01:35:44.4700000;sp_statement_completed;112;;INSERT INTO TablasEnUso VALUES(@ProcessID, @TableName, @TableID, @Modo, @AppName, @Terminal, @User)
2026-09-06 01:35:44.4740000;sp_statement_completed;112;;INSERT INTO TablasEnUso VALUES(@ProcessID, @TableName, @TableID, 'X', @AppName, @Terminal, @User)
2026-09-06 01:35:44.4790000;sql_statement_completed;113;NULL;DELETE FROM STA90
2026-09-06 01:35:44.4830000;sp_statement_completed;112;;INSERT INTO TablasEnUso VALUES(@ProcessID, @TableName, @TableID, @Modo, @AppName, @Terminal, @User)
2026-09-06 01:35:44.5030000;sp_statement_completed;112;;INSERT INTO TablasEnUso VALUES(@ProcessID, @TableName, @TableID, 'S', @AppName, @Terminal, @User)
2026-09-06 01:35:44.5080000;sp_statement_completed;112;;INSERT INTO TablasEnUso VALUES(@ProcessID, @TableName, @TableID, 'S', @AppName, @Terminal, @User)
2026-09-06 01:35:44.5140000;sp_statement_completed;112;;INSERT INTO TablasEnUso VALUES(@ProcessID, @TableName, @TableID, 'S', @AppName, @Terminal, @User)
2026-09-06 01:35:44.5210000;sp_statement_completed;112;;INSERT INTO TablasEnUso VALUES(@ProcessID, @TableName, @TableID, 'S', @AppName, @Terminal, @User)
2026-09-06 01:35:44.5260000;sp_statement_completed;112;;INSERT INTO TablasEnUso VALUES(@ProcessID, @TableName, @TableID, 'S', @AppName, @Terminal, @User)
2026-09-06 01:35:44.5330000;sp_statement_completed;112;;INSERT INTO TablasEnUso VALUES(@ProcessID, @TableName, @TableID, 'S', @AppName, @Terminal, @User)
2026-09-06 01:35:44.5940000;sp_statement_completed;112;;INSERT INTO TablasEnUso VALUES(@ProcessID, @TableName, @TableID, 'S', @AppName, @Terminal, @User)
2026-09-06 01:35:44.6030000;sp_statement_completed;112;;INSERT INTO TablasEnUso VALUES(@ProcessID, @TableName, @TableID, 'S', @AppName, @Terminal, @User)
2026-09-06 01:35:44.6110000;sp_statement_completed;112;;INSERT INTO TablasEnUso VALUES(@ProcessID, @TableName, @TableID, 'S', @AppName, @Terminal, @User)
2026-09-06 01:35:44.6190000;sp_statement_completed;112;;INSERT INTO TablasEnUso VALUES(@ProcessID, @TableName, @TableID, 'S', @AppName, @Terminal, @User)
2026-09-06 01:35:44.6250000;sp_statement_completed;112;;INSERT INTO TablasEnUso VALUES(@ProcessID, @TableName, @TableID, 'S', @AppName, @Terminal, @User)
2026-09-06 01:35:44.6330000;sp_statement_completed;112;;INSERT INTO TablasEnUso VALUES(@ProcessID, @TableName, @TableID, 'S', @AppName, @Terminal, @User)
2026-09-06 01:35:44.6400000;sp_statement_completed;112;;INSERT INTO TablasEnUso VALUES(@ProcessID, @TableName, @TableID, 'S', @AppName, @Terminal, @User)
2026-09-06 01:35:44.6500000;sp_statement_completed;112;;INSERT INTO TablasEnUso VALUES(@ProcessID, @TableName, @TableID, 'S', @AppName, @Terminal, @User)
2026-09-06 01:35:44.6550000;sp_statement_completed;112;;INSERT INTO TablasEnUso VALUES(@ProcessID, @TableName, @TableID, 'S', @AppName, @Terminal, @User)
2026-09-06 01:35:44.6610000;sp_statement_completed;112;;INSERT INTO TablasEnUso VALUES(@ProcessID, @TableName, @TableID, 'S', @AppName, @Terminal, @User)
2026-09-06 01:35:44.6670000;sp_statement_completed;112;;INSERT INTO TablasEnUso VALUES(@ProcessID, @TableName, @TableID, 'S', @AppName, @Terminal, @User)
2026-09-06 01:35:44.6740000;sp_statement_completed;112;;INSERT INTO TablasEnUso VALUES(@ProcessID, @TableName, @TableID, 'S', @AppName, @Terminal, @User)
2026-09-06 01:35:44.6810000;sp_statement_completed;112;;INSERT INTO TablasEnUso VALUES(@ProcessID, @TableName, @TableID, 'S', @AppName, @Terminal, @User)
2026-09-06 01:35:44.6860000;sp_statement_completed;112;;INSERT INTO TablasEnUso VALUES(@ProcessID, @TableName, @TableID, 'S', @AppName, @Terminal, @User)
2026-09-06 01:35:44.6940000;sp_statement_completed;112;;INSERT INTO TablasEnUso VALUES(@ProcessID, @TableName, @TableID, 'S', @AppName, @Terminal, @User)
2026-09-06 01:35:44.7000000;sp_statement_completed;112;;INSERT INTO TablasEnUso VALUES(@ProcessID, @TableName, @TableID, 'S', @AppName, @Terminal, @User)
2026-09-06 01:35:44.7110000;sp_statement_completed;112;;INSERT INTO TablasEnUso VALUES(@ProcessID, @TableName, @TableID, 'S', @AppName, @Terminal, @User)
2026-09-06 01:35:44.7170000;sp_statement_completed;112;;INSERT INTO TablasEnUso VALUES(@ProcessID, @TableName, @TableID, 'S', @AppName, @Terminal, @User)
2026-09-06 01:35:44.7220000;sp_statement_completed;112;;INSERT INTO TablasEnUso VALUES(@ProcessID, @TableName, @TableID, 'S', @AppName, @Terminal, @User)
2026-09-06 01:35:44.7290000;sp_statement_completed;112;;INSERT INTO TablasEnUso VALUES(@ProcessID, @TableName, @TableID, 'S', @AppName, @Terminal, @User)
2026-09-06 01:35:44.7400000;sp_statement_completed;112;;INSERT INTO TablasEnUso VALUES(@ProcessID, @TableName, @TableID, 'S', @AppName, @Terminal, @User)
2026-09-06 01:35:44.7480000;sp_statement_completed;112;;INSERT INTO TablasEnUso VALUES(@ProcessID, @TableName, @TableID, 'S', @AppName, @Terminal, @User)
2026-09-06 01:35:44.7530000;sp_statement_completed;112;;INSERT INTO TablasEnUso VALUES(@ProcessID, @TableName, @TableID, 'S', @AppName, @Terminal, @User)
2026-09-06 01:35:44.7610000;sp_statement_completed;112;;INSERT INTO TablasEnUso VALUES(@ProcessID, @TableName, @TableID, 'S', @AppName, @Terminal, @User)
2026-09-06 01:35:44.7700000;sp_statement_completed;112;;INSERT INTO TablasEnUso VALUES(@ProcessID, @TableName, @TableID, 'S', @AppName, @Terminal, @User)
2026-09-06 01:35:44.7810000;sp_statement_completed;112;;INSERT INTO TablasEnUso VALUES(@ProcessID, @TableName, @TableID, 'S', @AppName, @Terminal, @User)
2026-09-06 01:35:44.7880000;sp_statement_completed;112;;INSERT INTO TablasEnUso VALUES(@ProcessID, @TableName, @TableID, 'S', @AppName, @Terminal, @User)
2026-09-06 01:35:44.7980000;sp_statement_completed;112;;INSERT INTO TablasEnUso VALUES(@ProcessID, @TableName, @TableID, 'S', @AppName, @Terminal, @User)
2026-09-06 01:35:44.8050000;sp_statement_completed;112;;INSERT INTO TablasEnUso VALUES(@ProcessID, @TableName, @TableID, 'S', @AppName, @Terminal, @User)
2026-09-06 01:35:44.8160000;sp_statement_completed;112;;INSERT INTO TablasEnUso VALUES(@ProcessID, @TableName, @TableID, 'S', @AppName, @Terminal, @User)
2026-09-06 01:35:44.8220000;sp_statement_completed;112;;INSERT INTO TablasEnUso VALUES(@ProcessID, @TableName, @TableID, 'S', @AppName, @Terminal, @User)
2026-09-06 01:35:44.8280000;sp_statement_completed;112;;INSERT INTO TablasEnUso VALUES(@ProcessID, @TableName, @TableID, 'S', @AppName, @Terminal, @User)
2026-09-06 01:35:44.8350000;sp_statement_completed;112;;INSERT INTO TablasEnUso VALUES(@ProcessID, @TableName, @TableID, 'S', @AppName, @Terminal, @User)
2026-09-06 01:35:44.8410000;sp_statement_completed;112;;INSERT INTO TablasEnUso VALUES(@ProcessID, @TableName, @TableID, 'S', @AppName, @Terminal, @User)
2026-09-06 01:35:44.8680000;sp_statement_completed;112;;INSERT INTO TablasEnUso VALUES(@ProcessID, @TableName, @TableID, 'S', @AppName, @Terminal, @User)
2026-09-06 01:35:44.8820000;sp_statement_completed;112;;INSERT INTO TablasEnUso VALUES(@ProcessID, @TableName, @TableID, 'S', @AppName, @Terminal, @User)
2026-09-06 01:35:44.8890000;sp_statement_completed;112;;INSERT INTO TablasEnUso VALUES(@ProcessID, @TableName, @TableID, 'S', @AppName, @Terminal, @User)
2026-09-06 01:35:44.8950000;sp_statement_completed;112;;INSERT INTO TablasEnUso VALUES(@ProcessID, @TableName, @TableID, 'S', @AppName, @Terminal, @User)
2026-09-06 01:35:44.9050000;sp_statement_completed;112;;INSERT INTO TablasEnUso VALUES(@ProcessID, @TableName, @TableID, 'S', @AppName, @Terminal, @User)
2026-09-06 01:35:51.5710000;sql_statement_completed;113;NULL;Delete STA90 Where TER = '{F50CFD9D-43F8-4003-A17D-0350B5B5F77B}' or TER not in (Select IDPROCESO From TABLASENUSO(nolock))
2026-09-06 01:35:59.2830000;rpc_completed;114;sp_prepexec;declare @p1 int set @p1=1 exec sp_prepexec @p1 output,N'@P1 varchar(1),@P2 varchar(3),@P3 varchar(1)',N'SELECT Top 1 * FROM STA13 WITH (NOLOCK, INDEX(IX_1)) WHERE (T_MOVIM = @P1 AND T_COMP >= @P2) OR (T_MOVIM > @P3)  ORDER BY T_MOVIM, T_COMP, ID_STA13','S','VPR','S' select @p1
2026-09-06 01:35:59.2890000;rpc_completed;114;sp_prepexec;declare @p1 int set @p1=2 exec sp_prepexec @p1 output,N'@P1 smallint',N'SELECT Top 1 * FROM STA17 WITH (NOLOCK, INDEX(IX_0)) WHERE (TALONARIO >= @P1)  ORDER BY TALONARIO, ID_STA17',900 select @p1
2026-09-06 01:35:59.2920000;sp_statement_completed;112;;INSERT INTO TablasEnUso VALUES(@ProcessID, @TableName, @TableID, 'S', @AppName, @Terminal, @User)
2026-09-06 01:35:59.2970000;sp_statement_completed;112;;INSERT INTO TablasEnUso VALUES(@ProcessID, @TableName, @TableID, @Modo, @AppName, @Terminal, @User)
2026-09-06 01:35:59.2980000;sp_statement_completed;112;;INSERT INTO TablasEnUso VALUES(@ProcessID, @TableName, @TableID, 'S', @AppName, @Terminal, @User)
2026-09-06 01:35:59.3030000;sp_statement_completed;112;;INSERT INTO TablasEnUso VALUES(@ProcessID, @TableName, @TableID, @Modo, @AppName, @Terminal, @User)
2026-09-06 01:35:59.5860000;rpc_completed;114;sp_prepexec;declare @p1 int set @p1=3 exec sp_prepexec @p1 output,N'@P1 varchar(6),@P2 varchar(3),@P3 varchar(14),@P4 varchar(6),@P5 varchar(3),@P6 varchar(6)',N'SELECT Top 1 * FROM STA14 WITH (NOLOCK, INDEX(IX_1)) WHERE (COD_PRO_CL = @P1 AND T_COMP = @P2 AND N_COMP >= @P3) OR (COD_PRO_CL = @P4 AND T_COMP > @P5) OR (COD_PRO_CL > @P6)  ORDER BY COD_PRO_CL, T_COMP, N_COMP, ID_STA14','','VPR',' 0090000000001','','VPR','' select @p1
2026-09-06 01:35:59.5930000;rpc_completed;114;sp_prepexec;declare @p1 int set @p1=4 exec sp_prepexec @p1 output,N'@P1 int',N'SELECT Top 1 * FROM STA14 WITH (NOLOCK) WHERE (ID_STA14 = @P1)  ORDER BY ID_STA14',202190 select @p1
2026-09-06 01:36:08.4950000;rpc_completed;114;sp_prepexec;declare @p1 int set @p1=5 exec sp_prepexec @p1 output,N'@P1 varchar(2)',N'SELECT Top 1 * FROM STA22 WITH (NOLOCK, INDEX(IX_0)) WHERE (COD_SUCURS >= @P1)  ORDER BY COD_SUCURS, ID_STA22','01' select @p1
2026-09-06 01:36:56.2270000;rpc_completed;114;sp_prepexec;declare @p1 int set @p1=6 exec sp_prepexec @p1 output,N'@P1 int',N'SELECT Top 1 * FROM SUCURSAL WITH (NOLOCK, INDEX(IX_0)) WHERE (NRO_SUCURSAL >= @P1)  ORDER BY NRO_SUCURSAL, ID_SUCURSAL',0 select @p1
2026-09-06 01:37:16.6430000;rpc_completed;114;sp_prepexec;declare @p1 int set @p1=7 exec sp_prepexec @p1 output,N'@P1 varchar(15)',N'SELECT Top 1 * FROM STA11 WITH (NOLOCK, INDEX(IX_0)) WHERE (COD_ARTICU >= @P1)  ORDER BY COD_ARTICU, ID_STA11','PTHIBOLROLI0010' select @p1
2026-09-06 01:37:16.8480000;rpc_completed;114;sp_prepexec;declare @p1 int set @p1=8 exec sp_prepexec @p1 output,N'@P1 varchar(40)',N'SELECT Top 1 * FROM STA11 WITH (NOLOCK, INDEX(IX_2)) WHERE (COD_BARRA >= @P1)  ORDER BY COD_BARRA, ID_STA11','PTHIBOLROLI0010' select @p1
2026-09-06 01:37:16.9040000;rpc_completed;114;sp_prepexec;declare @p1 int set @p1=9 exec sp_prepexec @p1 output,N'@P1 int',N'SELECT Top 1 * FROM STA11 WITH (NOLOCK) WHERE (ID_STA11 = @P1)  ORDER BY ID_STA11',1815 select @p1
2026-09-06 01:37:17.0230000;rpc_completed;114;sp_prepexec;declare @p1 int set @p1=10 exec sp_prepexec @p1 output,N'@P1 varchar(15)',N'SELECT Top 1 * FROM STA11 WITH (NOLOCK, INDEX(IX_0)) WHERE (COD_ARTICU >= @P1)  ORDER BY COD_ARTICU, ID_STA11','PTHIBOLROLI0010' select @p1
2026-09-06 01:37:17.0890000;rpc_completed;114;sp_prepexec;declare @p1 int set @p1=11 exec sp_prepexec @p1 output,N'@P1 int',N'SELECT Top 1 * FROM MEDIDA WITH (NOLOCK) WHERE (ID_MEDIDA = @P1)  ORDER BY ID_MEDIDA',17 select @p1
2026-09-06 01:37:25.9340000;rpc_completed;114;sp_prepexec;declare @p1 int set @p1=12 exec sp_prepexec @p1 output,N'@P1 varchar(15),@P2 varchar(2),@P3 varchar(15)',N'SELECT Top 1 * FROM STA19 WITH (NOLOCK, INDEX(IX_1)) WHERE (COD_ARTICU = @P1 AND COD_DEPOSI >= @P2) OR (COD_ARTICU > @P3)  ORDER BY COD_ARTICU, COD_DEPOSI, ID_STA19','PTHIBOLROLI0010','01','PTHIBOLROLI0010' select @p1
2026-09-06 01:38:20.1380000;sql_statement_completed;113;NULL;Delete STA90 Where TER = '{F50CFD9D-43F8-4003-A17D-0350B5B5F77B}' or TER not in (Select IDPROCESO From TABLASENUSO(nolock))
2026-09-06 01:39:26.5760000;sp_statement_completed;74;;INSERT INTO [AUDITORIA] ([CONCEPTO], [ESTADO], [FECHA], [ID_ENTIDAD], [NOMBRE_ENTIDAD], [NOMBRE_ESTADO], [PROCESO], [TERMINAL], [TIPO_ENTIDAD], [USUARIO]) OUTPUT INSERTED.[ID_AUDITORIA] INTO @inserted0 VALUES (@p0, @p1, @p2, @p3, @p4, @p5, @p6, @p7, @p8, @p9)
2026-09-06 01:39:26.5760000;sp_statement_completed;74;;SELECT [i].[ID_AUDITORIA] FROM @inserted0 i
2026-09-06 01:39:26.5770000;sp_statement_completed;74;;UPDATE [STA17] SET [RENGLONES] = @p10 WHERE [ID_STA17] = @p11 AND [ROW_VERSION] = @p12
2026-09-06 01:39:26.5770000;rpc_completed;74;sp_executesql;"exec sp_executesql N'SET NOCOUNT ON; DECLARE @inserted0 TABLE ([ID_AUDITORIA] int); INSERT INTO [AUDITORIA] ([CONCEPTO], [ESTADO], [FECHA], [ID_ENTIDAD], [NOMBRE_ENTIDAD], [NOMBRE_ESTADO], [PROCESO], [TERMINAL], [TIPO_ENTIDAD], [USUARIO]) OUTPUT INSERTED.[ID_AUDITORIA] INTO @inserted0 VALUES (@p0, @p1, @p2, @p3, @p4, @p5, @p6, @p7, @p8, @p9); SELECT [i].[ID_AUDITORIA] FROM @inserted0 i;  UPDATE [STA17] SET [RENGLONES] = @p10 WHERE [ID_STA17] = @p11 AND [ROW_VERSION] = @p12; SELECT [ROW_VERSION] FROM [STA17] WHERE @@ROWCOUNT = 1 AND [ID_STA17] = @p11;  ',N'@p0 int,@p1 int,@p2 datetime,@p3 int,@p4 nvarchar(4000),@p5 nvarchar(4000),@p6 nvarchar(255),@p7 nvarchar(255),@p8 nvarchar(4000),@p9 nvarchar(4000),@p11 int,@p10 int,@p12 varbinary(8)',@p0=0,@p1=3,@p2='2026-09-05 22:39:26.567',@p3=14,@p4=N'STA17',@p5=N'Modificado',@p6=N'Talonarios',@p7=N'RHIELOTG',@p8=N'AxCloud.Modules.Stock.Abm.Talonarios.Domain.STA17',@p9=N'AXOFT\SUPERVISOR',@p11=14,@p10=999,@p12=0x000000000C39CB0F"
2026-09-06 01:39:26.5920000;sp_statement_completed;74;;"MERGE [AUDITORIA_DETALLE] USING ( VALUES (@p13, @p14, @p15, @p16, @p17, @p18, 0), (@p19, @p20, @p21, @p22, @p23, @p24, 1)) AS i ([ACTUAL], [ANTERIOR], [CAMPO], [GRUPO], [ID_AUDITORIA], [NOMBRE_RELACION], _Position) ON 1=0 WHEN NOT MATCHED THEN INSERT ([ACTUAL], [ANTERIOR], [CAMPO], [GRUPO], [ID_AUDITORIA], [NOMBRE_RELACION]) VALUES (i.[ACTUAL], i.[ANTERIOR], i.[CAMPO], i.[GRUPO], i.[ID_AUDITORIA], i.[NOMBRE_RELACION]) OUTPUT INSERTED.[ID_AUDITORIA_DETALLE], i._Position INTO @inserted0;"
2026-09-06 01:39:26.5920000;sp_statement_completed;74;;SELECT [i].[ID_AUDITORIA_DETALLE] FROM @inserted0 i ORDER BY [i].[_Position]
2026-09-06 01:39:26.5930000;rpc_completed;74;sp_executesql;"exec sp_executesql N'SET NOCOUNT ON; DECLARE @inserted0 TABLE ([ID_AUDITORIA_DETALLE] int, [_Position] [int]); MERGE [AUDITORIA_DETALLE] USING ( VALUES (@p13, @p14, @p15, @p16, @p17, @p18, 0), (@p19, @p20, @p21, @p22, @p23, @p24, 1)) AS i ([ACTUAL], [ANTERIOR], [CAMPO], [GRUPO], [ID_AUDITORIA], [NOMBRE_RELACION], _Position) ON 1=0 WHEN NOT MATCHED THEN INSERT ([ACTUAL], [ANTERIOR], [CAMPO], [GRUPO], [ID_AUDITORIA], [NOMBRE_RELACION]) VALUES (i.[ACTUAL], i.[ANTERIOR], i.[CAMPO], i.[GRUPO], i.[ID_AUDITORIA], i.[NOMBRE_RELACION]) OUTPUT INSERTED.[ID_AUDITORIA_DETALLE], i._Position INTO @inserted0;  SELECT [i].[ID_AUDITORIA_DETALLE] FROM @inserted0 i ORDER BY [i].[_Position];  ',N'@p13 nvarchar(4000),@p14 nvarchar(4000),@p15 nvarchar(255),@p16 nvarchar(4000),@p17 int,@p18 nvarchar(255),@p19 nvarchar(4000),@p20 nvarchar(4000),@p21 nvarchar(255),@p22 nvarchar(4000),@p23 int,@p24 nvarchar(255)',@p13=N'999',@p14=N'1',@p15=N'Cantidad máxima de iteraciones',@p16=N'',@p17=18844,@p18=NULL,@p19=N'900',@p20=N'900',@p21=N'TALONARIO',@p22=N'',@p23=18844,@p24=NULL"
2026-09-06 01:39:56.8880000;sp_statement_completed;88;;INSERT INTO TablasEnUso VALUES(@ProcessID, @TableName, @TableID, 'S', @AppName, @Terminal, @User)
2026-09-06 01:39:56.8930000;sp_statement_completed;88;;INSERT INTO TablasEnUso VALUES(@ProcessID, @TableName, @TableID, @Modo, @AppName, @Terminal, @User)
2026-09-06 01:39:56.8970000;sp_statement_completed;88;;INSERT INTO TablasEnUso VALUES(@ProcessID, @TableName, @TableID, 'S', @AppName, @Terminal, @User)
2026-09-06 01:39:56.9900000;sp_statement_completed;88;;INSERT INTO TablasEnUso VALUES(@ProcessID, @TableName, @TableID, 'S', @AppName, @Terminal, @User)
2026-09-06 01:39:57.0190000;sp_statement_completed;88;;INSERT INTO TablasEnUso VALUES(@ProcessID, @TableName, @TableID, 'S', @AppName, @Terminal, @User)
2026-09-06 01:39:57.0240000;sp_statement_completed;88;;INSERT INTO TablasEnUso VALUES(@ProcessID, @TableName, @TableID, @Modo, @AppName, @Terminal, @User)
2026-09-06 01:39:57.0260000;sp_statement_completed;88;;INSERT INTO TablasEnUso VALUES(@ProcessID, @TableName, @TableID, 'S', @AppName, @Terminal, @User)
2026-09-06 01:39:57.1540000;sp_statement_completed;88;;INSERT INTO TablasEnUso VALUES(@ProcessID, @TableName, @TableID, @Modo, @AppName, @Terminal, @User)
2026-09-06 01:39:57.1550000;sp_statement_completed;88;;INSERT INTO TablasEnUso VALUES(@ProcessID, @TableName, @TableID, 'X', @AppName, @Terminal, @User)
2026-09-06 01:39:57.1600000;sql_statement_completed;89;NULL;DELETE FROM STA90
2026-09-06 01:39:57.1640000;sp_statement_completed;88;;INSERT INTO TablasEnUso VALUES(@ProcessID, @TableName, @TableID, @Modo, @AppName, @Terminal, @User)
2026-09-06 01:39:57.1740000;sp_statement_completed;88;;INSERT INTO TablasEnUso VALUES(@ProcessID, @TableName, @TableID, 'S', @AppName, @Terminal, @User)
2026-09-06 01:39:57.1790000;sp_statement_completed;88;;INSERT INTO TablasEnUso VALUES(@ProcessID, @TableName, @TableID, 'S', @AppName, @Terminal, @User)
2026-09-06 01:39:57.1840000;sp_statement_completed;88;;INSERT INTO TablasEnUso VALUES(@ProcessID, @TableName, @TableID, 'S', @AppName, @Terminal, @User)
2026-09-06 01:39:57.1910000;sp_statement_completed;88;;INSERT INTO TablasEnUso VALUES(@ProcessID, @TableName, @TableID, 'S', @AppName, @Terminal, @User)
2026-09-06 01:39:57.1960000;sp_statement_completed;88;;INSERT INTO TablasEnUso VALUES(@ProcessID, @TableName, @TableID, 'S', @AppName, @Terminal, @User)
2026-09-06 01:39:57.2050000;sp_statement_completed;88;;INSERT INTO TablasEnUso VALUES(@ProcessID, @TableName, @TableID, 'S', @AppName, @Terminal, @User)
2026-09-06 01:39:57.2670000;sp_statement_completed;88;;INSERT INTO TablasEnUso VALUES(@ProcessID, @TableName, @TableID, 'S', @AppName, @Terminal, @User)
2026-09-06 01:39:57.2720000;sp_statement_completed;88;;INSERT INTO TablasEnUso VALUES(@ProcessID, @TableName, @TableID, 'S', @AppName, @Terminal, @User)
2026-09-06 01:39:57.2780000;sp_statement_completed;88;;INSERT INTO TablasEnUso VALUES(@ProcessID, @TableName, @TableID, 'S', @AppName, @Terminal, @User)
2026-09-06 01:39:57.2850000;sp_statement_completed;88;;INSERT INTO TablasEnUso VALUES(@ProcessID, @TableName, @TableID, 'S', @AppName, @Terminal, @User)
2026-09-06 01:39:57.2900000;sp_statement_completed;88;;INSERT INTO TablasEnUso VALUES(@ProcessID, @TableName, @TableID, 'S', @AppName, @Terminal, @User)
2026-09-06 01:39:57.2960000;sp_statement_completed;88;;INSERT INTO TablasEnUso VALUES(@ProcessID, @TableName, @TableID, 'S', @AppName, @Terminal, @User)
2026-09-06 01:39:57.3030000;sp_statement_completed;88;;INSERT INTO TablasEnUso VALUES(@ProcessID, @TableName, @TableID, 'S', @AppName, @Terminal, @User)
2026-09-06 01:39:57.3140000;sp_statement_completed;88;;INSERT INTO TablasEnUso VALUES(@ProcessID, @TableName, @TableID, 'S', @AppName, @Terminal, @User)
2026-09-06 01:39:57.3200000;sp_statement_completed;88;;INSERT INTO TablasEnUso VALUES(@ProcessID, @TableName, @TableID, 'S', @AppName, @Terminal, @User)
2026-09-06 01:39:57.3240000;sp_statement_completed;88;;INSERT INTO TablasEnUso VALUES(@ProcessID, @TableName, @TableID, 'S', @AppName, @Terminal, @User)
2026-09-06 01:39:57.3280000;sp_statement_completed;88;;INSERT INTO TablasEnUso VALUES(@ProcessID, @TableName, @TableID, 'S', @AppName, @Terminal, @User)
2026-09-06 01:39:57.3340000;sp_statement_completed;88;;INSERT INTO TablasEnUso VALUES(@ProcessID, @TableName, @TableID, 'S', @AppName, @Terminal, @User)
2026-09-06 01:39:57.3380000;sp_statement_completed;88;;INSERT INTO TablasEnUso VALUES(@ProcessID, @TableName, @TableID, 'S', @AppName, @Terminal, @User)
2026-09-06 01:39:57.3430000;sp_statement_completed;88;;INSERT INTO TablasEnUso VALUES(@ProcessID, @TableName, @TableID, 'S', @AppName, @Terminal, @User)
2026-09-06 01:39:57.3480000;sp_statement_completed;88;;INSERT INTO TablasEnUso VALUES(@ProcessID, @TableName, @TableID, 'S', @AppName, @Terminal, @User)
2026-09-06 01:39:57.3520000;sp_statement_completed;88;;INSERT INTO TablasEnUso VALUES(@ProcessID, @TableName, @TableID, 'S', @AppName, @Terminal, @User)
2026-09-06 01:39:57.3570000;sp_statement_completed;88;;INSERT INTO TablasEnUso VALUES(@ProcessID, @TableName, @TableID, 'S', @AppName, @Terminal, @User)
2026-09-06 01:39:57.3610000;sp_statement_completed;88;;INSERT INTO TablasEnUso VALUES(@ProcessID, @TableName, @TableID, 'S', @AppName, @Terminal, @User)
2026-09-06 01:39:57.3660000;sp_statement_completed;88;;INSERT INTO TablasEnUso VALUES(@ProcessID, @TableName, @TableID, 'S', @AppName, @Terminal, @User)
2026-09-06 01:39:57.3700000;sp_statement_completed;88;;INSERT INTO TablasEnUso VALUES(@ProcessID, @TableName, @TableID, 'S', @AppName, @Terminal, @User)
2026-09-06 01:39:57.3760000;sp_statement_completed;88;;INSERT INTO TablasEnUso VALUES(@ProcessID, @TableName, @TableID, 'S', @AppName, @Terminal, @User)
2026-09-06 01:39:57.3820000;sp_statement_completed;88;;INSERT INTO TablasEnUso VALUES(@ProcessID, @TableName, @TableID, 'S', @AppName, @Terminal, @User)
2026-09-06 01:39:57.3870000;sp_statement_completed;88;;INSERT INTO TablasEnUso VALUES(@ProcessID, @TableName, @TableID, 'S', @AppName, @Terminal, @User)
2026-09-06 01:39:57.3920000;sp_statement_completed;88;;INSERT INTO TablasEnUso VALUES(@ProcessID, @TableName, @TableID, 'S', @AppName, @Terminal, @User)
2026-09-06 01:39:57.3980000;sp_statement_completed;88;;INSERT INTO TablasEnUso VALUES(@ProcessID, @TableName, @TableID, 'S', @AppName, @Terminal, @User)
2026-09-06 01:39:57.4030000;sp_statement_completed;88;;INSERT INTO TablasEnUso VALUES(@ProcessID, @TableName, @TableID, 'S', @AppName, @Terminal, @User)
2026-09-06 01:39:57.4070000;sp_statement_completed;88;;INSERT INTO TablasEnUso VALUES(@ProcessID, @TableName, @TableID, 'S', @AppName, @Terminal, @User)
2026-09-06 01:39:57.4130000;sp_statement_completed;88;;INSERT INTO TablasEnUso VALUES(@ProcessID, @TableName, @TableID, 'S', @AppName, @Terminal, @User)
2026-09-06 01:39:57.4170000;sp_statement_completed;88;;INSERT INTO TablasEnUso VALUES(@ProcessID, @TableName, @TableID, 'S', @AppName, @Terminal, @User)
2026-09-06 01:39:57.4220000;sp_statement_completed;88;;INSERT INTO TablasEnUso VALUES(@ProcessID, @TableName, @TableID, 'S', @AppName, @Terminal, @User)
2026-09-06 01:39:57.4270000;sp_statement_completed;88;;INSERT INTO TablasEnUso VALUES(@ProcessID, @TableName, @TableID, 'S', @AppName, @Terminal, @User)
2026-09-06 01:39:57.4320000;sp_statement_completed;88;;INSERT INTO TablasEnUso VALUES(@ProcessID, @TableName, @TableID, 'S', @AppName, @Terminal, @User)
2026-09-06 01:39:57.4370000;sp_statement_completed;88;;INSERT INTO TablasEnUso VALUES(@ProcessID, @TableName, @TableID, 'S', @AppName, @Terminal, @User)
2026-09-06 01:39:57.4440000;sp_statement_completed;88;;INSERT INTO TablasEnUso VALUES(@ProcessID, @TableName, @TableID, 'S', @AppName, @Terminal, @User)
2026-09-06 01:39:57.4510000;sp_statement_completed;88;;INSERT INTO TablasEnUso VALUES(@ProcessID, @TableName, @TableID, 'S', @AppName, @Terminal, @User)
2026-09-06 01:39:57.4610000;sp_statement_completed;88;;INSERT INTO TablasEnUso VALUES(@ProcessID, @TableName, @TableID, 'S', @AppName, @Terminal, @User)
2026-09-06 01:39:57.4670000;sp_statement_completed;88;;INSERT INTO TablasEnUso VALUES(@ProcessID, @TableName, @TableID, 'S', @AppName, @Terminal, @User)
2026-09-06 01:39:57.4720000;sp_statement_completed;88;;INSERT INTO TablasEnUso VALUES(@ProcessID, @TableName, @TableID, 'S', @AppName, @Terminal, @User)
2026-09-06 01:39:57.4780000;sp_statement_completed;88;;INSERT INTO TablasEnUso VALUES(@ProcessID, @TableName, @TableID, 'S', @AppName, @Terminal, @User)
2026-09-06 01:40:01.0860000;sql_statement_completed;89;NULL;Delete STA90 Where TER = '{3453EA46-D95F-46DE-82F0-3FD4193025DB}' or TER not in (Select IDPROCESO From TABLASENUSO(nolock))
2026-09-06 01:40:03.3610000;rpc_completed;90;sp_prepexec;declare @p1 int set @p1=1 exec sp_prepexec @p1 output,N'@P1 varchar(1),@P2 varchar(3),@P3 varchar(1)',N'SELECT Top 1 * FROM STA13 WITH (NOLOCK, INDEX(IX_1)) WHERE (T_MOVIM = @P1 AND T_COMP >= @P2) OR (T_MOVIM > @P3)  ORDER BY T_MOVIM, T_COMP, ID_STA13','S','VPR','S' select @p1
2026-09-06 01:40:03.3640000;rpc_completed;90;sp_prepexec;declare @p1 int set @p1=2 exec sp_prepexec @p1 output,N'@P1 smallint',N'SELECT Top 1 * FROM STA17 WITH (NOLOCK, INDEX(IX_0)) WHERE (TALONARIO >= @P1)  ORDER BY TALONARIO, ID_STA17',900 select @p1
2026-09-06 01:40:03.3670000;sp_statement_completed;88;;INSERT INTO TablasEnUso VALUES(@ProcessID, @TableName, @TableID, 'S', @AppName, @Terminal, @User)
2026-09-06 01:40:03.3710000;sp_statement_completed;88;;INSERT INTO TablasEnUso VALUES(@ProcessID, @TableName, @TableID, @Modo, @AppName, @Terminal, @User)
2026-09-06 01:40:03.3730000;sp_statement_completed;88;;INSERT INTO TablasEnUso VALUES(@ProcessID, @TableName, @TableID, 'S', @AppName, @Terminal, @User)
2026-09-06 01:40:03.3770000;sp_statement_completed;88;;INSERT INTO TablasEnUso VALUES(@ProcessID, @TableName, @TableID, @Modo, @AppName, @Terminal, @User)
2026-09-06 01:40:03.4600000;rpc_completed;90;sp_prepexec;declare @p1 int set @p1=3 exec sp_prepexec @p1 output,N'@P1 varchar(6),@P2 varchar(3),@P3 varchar(14),@P4 varchar(6),@P5 varchar(3),@P6 varchar(6)',N'SELECT Top 1 * FROM STA14 WITH (NOLOCK, INDEX(IX_1)) WHERE (COD_PRO_CL = @P1 AND T_COMP = @P2 AND N_COMP >= @P3) OR (COD_PRO_CL = @P4 AND T_COMP > @P5) OR (COD_PRO_CL > @P6)  ORDER BY COD_PRO_CL, T_COMP, N_COMP, ID_STA14','','VPR',' 0090000000001','','VPR','' select @p1
2026-09-06 01:40:03.4670000;rpc_completed;90;sp_prepexec;declare @p1 int set @p1=4 exec sp_prepexec @p1 output,N'@P1 int',N'SELECT Top 1 * FROM STA14 WITH (NOLOCK) WHERE (ID_STA14 = @P1)  ORDER BY ID_STA14',202190 select @p1
2026-09-06 01:40:08.1090000;rpc_completed;90;sp_prepexec;declare @p1 int set @p1=5 exec sp_prepexec @p1 output,N'@P1 varchar(2)',N'SELECT Top 1 * FROM STA22 WITH (NOLOCK, INDEX(IX_0)) WHERE (COD_SUCURS >= @P1)  ORDER BY COD_SUCURS, ID_STA22','01' select @p1
2026-09-06 01:40:24.5780000;rpc_completed;90;sp_prepexec;declare @p1 int set @p1=6 exec sp_prepexec @p1 output,N'@P1 int',N'SELECT Top 1 * FROM SUCURSAL WITH (NOLOCK, INDEX(IX_0)) WHERE (NRO_SUCURSAL >= @P1)  ORDER BY NRO_SUCURSAL, ID_SUCURSAL',0 select @p1
2026-09-06 01:40:31.9260000;rpc_completed;90;sp_prepexec;declare @p1 int set @p1=7 exec sp_prepexec @p1 output,N'@P1 varchar(15)',N'SELECT Top 1 * FROM STA11 WITH (NOLOCK, INDEX(IX_0)) WHERE (COD_ARTICU >= @P1)  ORDER BY COD_ARTICU, ID_STA11','PTHIBOLROLI0010' select @p1
2026-09-06 01:40:32.1080000;rpc_completed;90;sp_prepexec;declare @p1 int set @p1=8 exec sp_prepexec @p1 output,N'@P1 varchar(40)',N'SELECT Top 1 * FROM STA11 WITH (NOLOCK, INDEX(IX_2)) WHERE (COD_BARRA >= @P1)  ORDER BY COD_BARRA, ID_STA11','PTHIBOLROLI0010' select @p1
2026-09-06 01:40:32.1710000;rpc_completed;90;sp_prepexec;declare @p1 int set @p1=9 exec sp_prepexec @p1 output,N'@P1 int',N'SELECT Top 1 * FROM STA11 WITH (NOLOCK) WHERE (ID_STA11 = @P1)  ORDER BY ID_STA11',1815 select @p1
2026-09-06 01:40:32.3070000;rpc_completed;90;sp_prepexec;declare @p1 int set @p1=10 exec sp_prepexec @p1 output,N'@P1 varchar(15)',N'SELECT Top 1 * FROM STA11 WITH (NOLOCK, INDEX(IX_0)) WHERE (COD_ARTICU >= @P1)  ORDER BY COD_ARTICU, ID_STA11','PTHIBOLROLI0010' select @p1
2026-09-06 01:40:32.3800000;rpc_completed;90;sp_prepexec;declare @p1 int set @p1=11 exec sp_prepexec @p1 output,N'@P1 int',N'SELECT Top 1 * FROM MEDIDA WITH (NOLOCK) WHERE (ID_MEDIDA = @P1)  ORDER BY ID_MEDIDA',17 select @p1
2026-09-06 01:40:35.6140000;rpc_completed;90;sp_prepexec;declare @p1 int set @p1=12 exec sp_prepexec @p1 output,N'@P1 varchar(15),@P2 varchar(2),@P3 varchar(15)',N'SELECT Top 1 * FROM STA19 WITH (NOLOCK, INDEX(IX_1)) WHERE (COD_ARTICU = @P1 AND COD_DEPOSI >= @P2) OR (COD_ARTICU > @P3)  ORDER BY COD_ARTICU, COD_DEPOSI, ID_STA19','PTHIBOLROLI0010','01','PTHIBOLROLI0010' select @p1
2026-09-06 01:40:35.8560000;rpc_completed;90;sp_prepexec;declare @p1 int set @p1=13 exec sp_prepexec @p1 output,N'@P1 int',N'SELECT Top 1 * FROM STA11 WITH (NOLOCK) WHERE (ID_STA11 = @P1)  ORDER BY ID_STA11',1815 select @p1
2026-09-06 01:40:35.9650000;rpc_completed;90;sp_prepexec;declare @p1 int set @p1=14 exec sp_prepexec @p1 output,N'@P1 int',N'SELECT Top 1 * FROM STA11 WITH (NOLOCK) WHERE (ID_STA11 = @P1)  ORDER BY ID_STA11',1815 select @p1
2026-09-06 01:41:11.7340000;rpc_completed;90;sp_prepexec;declare @p1 int set @p1=15 exec sp_prepexec @p1 output,N'@P1 int',N'SELECT Top 1 * FROM STA11 WITH (NOLOCK) WHERE (ID_STA11 = @P1)  ORDER BY ID_STA11',1815 select @p1
2026-09-06 01:41:11.8350000;rpc_completed;90;sp_prepexec;declare @p1 int set @p1=16 exec sp_prepexec @p1 output,N'@P1 int',N'SELECT Top 1 * FROM STA11 WITH (NOLOCK) WHERE (ID_STA11 = @P1)  ORDER BY ID_STA11',1815 select @p1
2026-09-06 01:42:15.6200000;rpc_completed;89;sp_prepexec;declare @p1 int set @p1=1 exec sp_prepexec @p1 output,N'@P1 int',N'SELECT Top 1 * FROM STA14 WHERE (ID_STA14 = @P1)  ORDER BY ID_STA14',202190 select @p1
2026-09-06 01:42:15.6450000;rpc_completed;89;sp_prepexec;declare @p1 int set @p1=2 exec sp_prepexec @p1 output,N'@P1 int',N'SELECT Top 1 * FROM STA17 WHERE (ID_STA17 = @P1)  ORDER BY ID_STA17',14 select @p1
2026-09-06 01:42:15.6680000;rpc_completed;89;sp_prepexec;declare @p1 int set @p1=3 exec sp_prepexec @p1 output,N'@P1 int',N'SELECT Top 1 * FROM STA19 WHERE (ID_STA19 = @P1)  ORDER BY ID_STA19',5256 select @p1
2026-09-06 01:42:15.6920000;sp_statement_completed;88;;INSERT INTO TablasEnUso VALUES(@ProcessID, @TableName, @TableID, 'S', @AppName, @Terminal, @User)
2026-09-06 01:42:15.6970000;sp_statement_completed;88;;INSERT INTO TablasEnUso VALUES(@ProcessID, @TableName, @TableID, @Modo, @AppName, @Terminal, @User)
2026-09-06 01:42:15.6980000;sp_statement_completed;88;;INSERT INTO TablasEnUso VALUES(@ProcessID, @TableName, @TableID, 'S', @AppName, @Terminal, @User)
2026-09-06 01:42:15.7040000;sp_statement_completed;88;;INSERT INTO TablasEnUso VALUES(@ProcessID, @TableName, @TableID, @Modo, @AppName, @Terminal, @User)
2026-09-06 01:42:15.7990000;rpc_completed;89;sp_prepexec;declare @p1 int set @p1=4 exec sp_prepexec @p1 output,N'@P1 varchar(6),@P2 varchar(3),@P3 varchar(14),@P4 varchar(6),@P5 varchar(3),@P6 varchar(6)',N'SELECT Top 1 * FROM STA14 WITH (INDEX(IX_1)) WHERE (COD_PRO_CL = @P1 AND T_COMP = @P2 AND N_COMP >= @P3) OR (COD_PRO_CL = @P4 AND T_COMP > @P5) OR (COD_PRO_CL > @P6)  ORDER BY COD_PRO_CL, T_COMP, N_COMP, ID_STA14','','VPR',' 0090000000001','','VPR','' select @p1
2026-09-06 01:42:15.8050000;rpc_completed;89;sp_prepexec;declare @p1 int set @p1=5 exec sp_prepexec @p1 output,N'@P1 int',N'SELECT Top 1 * FROM STA14 WHERE (ID_STA14 = @P1)  ORDER BY ID_STA14',202190 select @p1
2026-09-06 01:42:15.8150000;rpc_completed;89;sp_prepexec;declare @p1 int set @p1=6 exec sp_prepexec @p1 output,N'@P1 varchar(15),@P2 varchar(2),@P3 varchar(15)',N'SELECT Top 1 * FROM STA19 WITH (INDEX(IX_1)) WHERE (COD_ARTICU = @P1 AND COD_DEPOSI >= @P2) OR (COD_ARTICU > @P3)  ORDER BY COD_ARTICU, COD_DEPOSI, ID_STA19','PTHIBOLROLI0010','01','PTHIBOLROLI0010' select @p1
2026-09-06 01:42:16.0040000;rpc_completed;89;sp_prepexec;declare @p1 int set @p1=7 exec sp_prepexec @p1 output,N'@P1 varchar(2),@P2 varchar(8),@P3 varchar(2)',N'SELECT Top 1 * FROM STA14 WITH (INDEX(IX_0)) WHERE (TCOMP_IN_S = @P1 AND NCOMP_IN_S >= @P2) OR (TCOMP_IN_S > @P3)  ORDER BY TCOMP_IN_S, NCOMP_IN_S, ID_STA14','VS','99999999','VS' select @p1
2026-09-06 01:42:16.0820000;sp_statement_completed;89;;IF ( SELECT COUNT( * ) 				 FROM   INSERTED ) = 1
2026-09-06 01:42:16.0820000;sp_statement_completed;89;;SELECT @ID_STA13 = STA13.ID_STA13 			FROM INSERTED  			JOIN STA13 ON (INSERTED.T_COMP = STA13.T_COMP)
2026-09-06 01:42:16.0860000;sp_statement_completed;89;;UPDATE STA14 SET ID_STA13 = @ID_STA13 			FROM INSERTED 			WHERE STA14.ID_STA14 = INSERTED.ID_STA14
2026-09-06 01:42:16.0860000;sp_statement_completed;89;;SELECT @ID_STA14 = ID_STA14 			FROM INSERTED
2026-09-06 01:42:16.1360000;sp_statement_completed;89;;IF ( SELECT COUNT( * ) 				 FROM   INSERTED ) = 1
2026-09-06 01:42:16.1360000;sp_statement_completed;89;;IF UPDATE(COD_ARTICU)
2026-09-06 01:42:16.1360000;sp_statement_completed;89;;IF NOT EXISTS(SELECT 1 FROM DELETED)
2026-09-06 01:42:16.1370000;sp_statement_completed;89;;UPDATE STA20 SET ID_STA14 = STA14.ID_STA14 				FROM STA20 					JOIN INSERTED ON INSERTED.ID_STA20 = STA20.ID_STA20 					JOIN STA14 ON STA14.TCOMP_IN_S = INSERTED.TCOMP_IN_S AND STA14.NCOMP_IN_S = INSERTED.NCOMP_IN_S
2026-09-06 01:42:16.1370000;sp_statement_completed;89;;UPDATE STA20 SET ID_STA14 = @ID_STA14  			FROM  				STA20  				INNER JOIN 				INSERTED I ON I.TCOMP_IN_S = STA20.TCOMP_IN_S AND 								I.NCOMP_IN_S = STA20.NCOMP_IN_S 			WHERE STA20.ID_STA14 IS NULL
2026-09-06 01:42:16.1370000;sp_statement_completed;89;;SELECT @ID_GVA14 = GVA14.ID_GVA14 			FROM INSERTED 				JOIN GVA14 ON (INSERTED.COD_PRO_CL = GVA14.COD_CLIENT) 			WHERE INSERTED.TCOMP_IN_S IN ('RE', 'FR', 'CC', 'DC', 'DR', 'FC')
2026-09-06 01:42:16.1370000;sp_statement_completed;89;;UPDATE STA14 SET ID_GVA14 = @ID_GVA14 			FROM INSERTED 			WHERE STA14.ID_STA14 = INSERTED.ID_STA14
2026-09-06 01:42:16.1370000;rpc_completed;89;sp_executesql;"exec sp_executesql N'SET NOCOUNT OFF; INSERT INTO ""TestingRH""..""STA14"" (""FILLER"",""COD_PRO_CL"",""COTIZ"",""ESTADO_MOV"",""EXPORTADO"",""EXP_STOCK"",""FECHA_ANU"",""FECHA_MOV"",""HORA"",""LISTA_REM"",""LOTE"",""LOTE_ANU"",""MON_CTE"",""MOTIVO_REM"",""N_COMP"",""N_REMITO"",""NCOMP_IN_S"",""NCOMP_ORIG"",""NRO_SUCURS"",""OBSERVACIO"",""SUC_ORIG"",""T_COMP"",""TALONARIO"",""TCOMP_IN_S"",""TCOMP_ORIG"",""USUARIO"",""COD_TRANSP"",""HORA_COMP"",""ID_A_RENTA"",""DOC_ELECTR"",""COD_CLASIF"",""AUDIT_IMP"",""IMP_IVA"",""IMP_OTIMP"",""IMPORTE_BO"",""IMPORTE_TO"",""DIFERENCIA"",""SUC_DESTIN"",""T_DOC_DTE"",""LEYENDA1"",""LEYENDA2"",""LEYENDA3"",""LEYENDA4"",""LEYENDA5"",""DCTO_CLIEN"",""T_INT_ORI"",""N_INT_ORI"",""FECHA_INGRESO"",""HORA_INGRESO"",""USUARIO_INGRESO"",""TERMINAL_INGRESO"",""IMPORTE_TOTAL_CON_IMPUESTOS"",""CANTIDAD_KILOS"",""ID_DIRECCION_ENTREGA"",""NRO_SUCURSAL_DESTINO_REMITO"",""COD_DEPOSI"",""COND_VTA"",""HORA_ANU"",""USUARIO_ANU"",""TERMINAL_ANU"") VALUES (@P1,@P2,@P3,@P4,@P5,@P6,@P7,@P8,@P9,@P10,@P11,@P12,@P13,@P14,@P15,@P16,@P17,@P18,@P19,@P20,@P21,@P22,@P23,@P24,@P25,@P26,@P27,@P28,@P29,@P30,@P31,@P32,@P33,@P34,@P35,@P36,@P37,@P38,@P39,@P40,@P41,@P42,@P43,@P44,@P45,@P46,@P47,@P48,@P49,@P50,@P51,@P52,@P53,@P54,@P55,@P56,@P57,@P58,@P59,@P60); SELECT SCOPE_IDENTITY() AS SCOPE_ID_COLUMN',N'@P1 varchar(1),@P2 varchar(1),@P3 numeric(22,7),@P4 varchar(1),@P5 bit,@P6 bit,@P7 datetime,@P8 datetime,@P9 varchar(4),@P10 smallint,@P11 float,@P12 float,@P13 bit,@P14 varchar(1),@P15 varchar(14),@P16 varchar(1),@P17 varchar(8),@P18 varchar(1),@P19 smallint,@P20 varchar(14),@P21 smallint,@P22 varchar(3),@P23 smallint,@P24 varchar(2),@P25 varchar(1),@P26 varchar(10),@P27 varchar(1),@P28 varchar(6),@P29 float,@P30 bit,@P31 varchar(1),@P32 varchar(1),@P33 numeric(22,7),@P34 numeric(22,7),@P35 numeric(22,7),@P36 numeric(22,7),@P37 varchar(1),@P38 smallint,@P39 varchar(1),@P40 varchar(19),@P41 varchar(28),@P42 varchar(22),@P43 varchar(1),@P44 varchar(1),@P45 numeric(22,7),@P46 varchar(1),@P47 varchar(1),@P48 datetime,@P49 varchar(6),@P50 varchar(10),@P51 varchar(8),@P52 numeric(22,7),@P53 numeric(22,7),@P54 int,@P55 smallint,@P56 varchar(1),@P57 smallint,@P58 varchar(1),@P59 varchar(1),@P60 varchar(1)','','',1.0000000,'',0,0,'1800-01-01 00:00:00','2026-09-05 00:00:00','0000',0,0,0,1,'',' 0090000000001','','00001128','',0,'PRUEBA VPR APP',0,'VPR',900,'VS','','SUPERVISOR','','224216',0,0,'','',0.0000000,0.0000000,0.0000000,0.0000000,'N',0,'',' ROLITO:PRUEBA:VPR1','Fact X Rolito 00003-00000001','Chofer prueba - dep 01','','',0.0000000,'','','2026-09-05 00:00:00','224216','SUPERVISOR','RHIELOTG',0.0000000,0.0000000,NULL,0,'',0,NULL,NULL,NULL"
2026-09-06 01:42:16.1370000;sp_statement_completed;89;;"INSERT INTO ""TestingRH""..""STA14"" (""FILLER"",""COD_PRO_CL"",""COTIZ"",""ESTADO_MOV"",""EXPORTADO"",""EXP_STOCK"",""FECHA_ANU"",""FECHA_MOV"",""HORA"",""LISTA_REM"",""LOTE"",""LOTE_ANU"",""MON_CTE"",""MOTIVO_REM"",""N_COMP"",""N_REMITO"",""NCOMP_IN_S"",""NCOMP_ORIG"",""NRO_SUCURS"",""OBSERVACIO"",""SUC_ORIG"",""T_COMP"",""TALONARIO"",""TCOMP_IN_S"",""TCOMP_ORIG"",""USUARIO"",""COD_TRANSP"",""HORA_COMP"",""ID_A_RENTA"",""DOC_ELECTR"",""COD_CLASIF"",""AUDIT_IMP"",""IMP_IVA"",""IMP_OTIMP"",""IMPORTE_BO"",""IMPORTE_TO"",""DIFERENCIA"",""SUC_DESTIN"",""T_DOC_DTE"",""LEYENDA1"",""LEYENDA2"",""LEYENDA3"",""LEYENDA4"",""LEYENDA5"",""DCTO_CLIEN"",""T_INT_ORI"",""N_INT_ORI"",""FECHA_INGRESO"",""HORA_INGRESO"",""USUARIO_INGRESO"",""TERMINAL_INGRESO"",""IMPORTE_TOTAL_CON_IMPUESTOS"",""CANTIDAD_KILOS"",""ID_DIRECCION_ENTREGA"",""NRO_SUCURSAL_DESTINO_REMITO"",""COD_DEPOSI"",""COND_VTA"",""HORA_ANU"",""USUARIO_ANU"",""TERMINAL_ANU"") VALUES (@P1,@P2,@P3,@P4,@P5,@P6,@P7,@P8,@P9,@P10,@P11,@P12,@P13,@P14,@P15,@P16,@P17,@P18,@P19,@P20,@P21,@P22,@P23,@P24,@P25,@P26,@P27,@P28,@P29,@P30,@P31,@P32,@P33,@P34,@P35,@P36,@P37,@P38,@P39,@P40,@P41,@P42,@P43,@P44,@P45,@P46,@P47,@P48,@P49,@P50,@P51,@P52,@P53,@P54,@P55,@P56,@P57,@P58,@P59,@P60)"
2026-09-06 01:42:16.1400000;rpc_completed;90;sp_prepexec;declare @p1 int set @p1=17 exec sp_prepexec @p1 output,N'@P1 varchar(15)',N'SELECT Top 1 * FROM STA11 WITH (NOLOCK, INDEX(IX_0)) WHERE (COD_ARTICU >= @P1)  ORDER BY COD_ARTICU, ID_STA11','PTHIBOLROLI0010' select @p1
2026-09-06 01:42:16.2710000;sp_statement_completed;89;;IF ( SELECT COUNT( * ) 				 FROM   INSERTED ) = 1
2026-09-06 01:42:16.2710000;sp_statement_completed;89;;IF UPDATE(COD_ARTICU)
2026-09-06 01:42:16.2710000;sp_statement_completed;89;;SELECT @ID_STA11 = STA11.ID_STA11 			   FROM INSERTED  			   JOIN STA11 ON (INSERTED.COD_ARTICU = STA11.COD_ARTICU)
2026-09-06 01:42:16.2730000;sp_statement_completed;89;;UPDATE STA20 SET ID_STA11 = @ID_STA11 			   FROM INSERTED 			   WHERE STA20.ID_STA20 = INSERTED.ID_STA20
2026-09-06 01:42:16.2730000;sp_statement_completed;89;;IF NOT EXISTS(SELECT 1 FROM DELETED)
2026-09-06 01:42:16.2730000;sp_statement_completed;89;;SELECT @ID_STA14 = STA14.ID_STA14 			   FROM INSERTED  			   JOIN STA14 ON (INSERTED.TCOMP_IN_S = STA14.TCOMP_IN_S AND INSERTED.NCOMP_IN_S = STA14.NCOMP_IN_S)
2026-09-06 01:42:16.2740000;sp_statement_completed;89;;UPDATE STA20 SET ID_STA14 = @ID_STA14 			   FROM INSERTED 			   WHERE STA20.ID_STA20 = INSERTED.ID_STA20
2026-09-06 01:42:16.2740000;sp_statement_completed;89;;"INSERT INTO ""TestingRH""..""STA20"" (""FILLER"",""CAN_EQUI_V"",""CANT_DEV"",""CANT_OC"",""CANT_PEND"",""CANT_SCRAP"",""CANTIDAD"",""CANT_FACTU"",""COD_ARTICU"",""COD_DEPOSI"",""DEPOSI_DDE"",""EQUIVALENC"",""FECHA_MOV"",""N_ORDEN_CO"",""N_RENGL_OC"",""N_RENGL_S"",""NCOMP_IN_S"",""PLISTA_REM"",""PPP_EX"",""PPP_LO"",""PRECIO"",""PRECIO_REM"",""TCOMP_IN_S"",""TIPO_MOV"",""COD_CLASIF"",""DCTO_FACTU"",""CANT_DEV_2"",""CANT_PEND_2"",""CANTIDAD_2"",""CANT_FACTU_2"",""CANT_OC_2"",""ID_MEDIDA_STOCK_2"",""ID_MEDIDA_STOCK"",""ID_MEDIDA_VENTAS"",""ID_MEDIDA_COMPRA"",""UNIDAD_MEDIDA_SELECCIONADA"",""PRECIO_REMITO_VENTAS"",""RENGL_PADR"",""COD_ARTICU_KIT"",""PROMOCION"",""TALONARIO_OC"",""COD_DEPOSI_INGRESO"",""OBSERVACIONES"",""IMPUESTO_INTERNO_FIJO"",""IMPORTE_SIN_IMPUESTOS"",""IMPORTE_CON_IMPUESTOS"",""BASE_CALCULO_II_VARIABLE"",""CANTIDAD_PARTIDAS"",""CANTIDAD_PARTIDAS_2"",""NRO_OC_COMP"") VALUES (@P1,@P2,@P3,@P4,@P5,@P6,@P7,@P8,@P9,@P10,@P11,@P12,@P13,@P14,@P15,@P16,@P17,@P18,@P19,@P20,@P21,@P22,@P23,@P24,@P25,@P26,@P27,@P28,@P29,@P30,@P31,@P32,@P33,@P34,@P35,@P36,@P37,@P38,@P39,@P40,@P41,@P42,@P43,@P44,@P45,@P46,@P47,@P48,@P49,@P50)"
2026-09-06 01:42:16.2740000;rpc_completed;89;sp_executesql;"exec sp_executesql N'SET NOCOUNT OFF; INSERT INTO ""TestingRH""..""STA20"" (""FILLER"",""CAN_EQUI_V"",""CANT_DEV"",""CANT_OC"",""CANT_PEND"",""CANT_SCRAP"",""CANTIDAD"",""CANT_FACTU"",""COD_ARTICU"",""COD_DEPOSI"",""DEPOSI_DDE"",""EQUIVALENC"",""FECHA_MOV"",""N_ORDEN_CO"",""N_RENGL_OC"",""N_RENGL_S"",""NCOMP_IN_S"",""PLISTA_REM"",""PPP_EX"",""PPP_LO"",""PRECIO"",""PRECIO_REM"",""TCOMP_IN_S"",""TIPO_MOV"",""COD_CLASIF"",""DCTO_FACTU"",""CANT_DEV_2"",""CANT_PEND_2"",""CANTIDAD_2"",""CANT_FACTU_2"",""CANT_OC_2"",""ID_MEDIDA_STOCK_2"",""ID_MEDIDA_STOCK"",""ID_MEDIDA_VENTAS"",""ID_MEDIDA_COMPRA"",""UNIDAD_MEDIDA_SELECCIONADA"",""PRECIO_REMITO_VENTAS"",""RENGL_PADR"",""COD_ARTICU_KIT"",""PROMOCION"",""TALONARIO_OC"",""COD_DEPOSI_INGRESO"",""OBSERVACIONES"",""IMPUESTO_INTERNO_FIJO"",""IMPORTE_SIN_IMPUESTOS"",""IMPORTE_CON_IMPUESTOS"",""BASE_CALCULO_II_VARIABLE"",""CANTIDAD_PARTIDAS"",""CANTIDAD_PARTIDAS_2"",""NRO_OC_COMP"") VALUES (@P1,@P2,@P3,@P4,@P5,@P6,@P7,@P8,@P9,@P10,@P11,@P12,@P13,@P14,@P15,@P16,@P17,@P18,@P19,@P20,@P21,@P22,@P23,@P24,@P25,@P26,@P27,@P28,@P29,@P30,@P31,@P32,@P33,@P34,@P35,@P36,@P37,@P38,@P39,@P40,@P41,@P42,@P43,@P44,@P45,@P46,@P47,@P48,@P49,@P50); SELECT SCOPE_IDENTITY() AS SCOPE_ID_COLUMN',N'@P1 varchar(1),@P2 numeric(22,7),@P3 numeric(22,7),@P4 numeric(22,7),@P5 numeric(22,7),@P6 numeric(22,7),@P7 numeric(22,7),@P8 numeric(22,7),@P9 varchar(15),@P10 varchar(2),@P11 varchar(1),@P12 numeric(22,7),@P13 datetime,@P14 varchar(1),@P15 int,@P16 int,@P17 varchar(8),@P18 numeric(22,7),@P19 numeric(22,7),@P20 numeric(22,7),@P21 numeric(22,7),@P22 numeric(22,7),@P23 varchar(2),@P24 varchar(1),@P25 varchar(1),@P26 numeric(22,7),@P27 numeric(22,7),@P28 numeric(22,7),@P29 numeric(22,7),@P30 numeric(22,7),@P31 numeric(22,7),@P32 int,@P33 int,@P34 int,@P35 int,@P36 varchar(1),@P37 numeric(22,7),@P38 int,@P39 varchar(1),@P40 bit,@P41 smallint,@P42 varchar(1),@P43 varchar(1),@P44 numeric(22,7),@P45 numeric(22,7),@P46 numeric(22,7),@P47 numeric(22,7),@P48 numeric(22,7),@P49 numeric(22,7),@P50 varchar(1)','',1.0000000,0.0000000,0.0000000,0.0000000,0.0000000,1.0000000,0.0000000,'PTHIBOLROLI0010','01','',1.0000000,'2026-09-05 00:00:00','',0,1,'00001128',0.0000000,0.0000000,0.0000000,0.0000000,0.0000000,'VS','S','',0.0000000,0.0000000,0.0000000,0.0000000,0.0000000,0.0000000,NULL,17,NULL,NULL,'P',0.0000000,0,'',0,0,'','',0.0000000,0.0000000,0.0000000,0.0000000,0.0000000,0.0000000,''"
2026-09-06 01:42:16.3150000;sp_statement_completed;89;;IF ( SELECT COUNT( * ) 		 FROM   INSERTED ) = 1
2026-09-06 01:42:16.3150000;sp_statement_completed;89;;IF UPDATE(COD_DEPOSI)
2026-09-06 01:42:16.3150000;sp_statement_completed;89;;SELECT @ID_STA22 = STA22.ID_STA22 			   FROM INSERTED  			   JOIN STA22 ON (INSERTED.COD_DEPOSI = STA22.COD_SUCURS)
2026-09-06 01:42:16.3260000;sp_statement_completed;89;;UPDATE STA19 SET ID_STA22 = @ID_STA22 			   FROM INSERTED 			   WHERE STA19.ID_STA19 = INSERTED.ID_STA19
2026-09-06 01:42:16.3260000;sp_statement_completed;89;;IF UPDATE(COD_ARTICU)
2026-09-06 01:42:16.3270000;sp_statement_completed;89;;SELECT @ID_STA11 = STA11.ID_STA11 			   FROM INSERTED  			   JOIN STA11 ON (INSERTED.COD_ARTICU = STA11.COD_ARTICU)
2026-09-06 01:42:16.3270000;sp_statement_completed;89;;UPDATE STA19 SET ID_STA11 = @ID_STA11 			   FROM INSERTED 			   WHERE STA19.ID_STA19 = INSERTED.ID_STA19
2026-09-06 01:42:16.3270000;sp_statement_completed;89;;"UPDATE ""TestingRH""..""STA19"" SET ""FILLER""=@P1,""CANT_STOCK""=@P2,""COD_ARTICU""=@P3,""COD_DEPOSI""=@P4,""COD_UBIC1""=@P5,""COD_UBIC2""=@P6,""COD_UBIC3""=@P7,""UBIC_TXT""=@P8 WHERE ""ID_STA19""=@P9 AND ""FILLER""=@P10 AND ""CANT_STOCK""=@P11 AND ""COD_ARTICU""=@P12 AND ""COD_DEPOSI""=@P13 AND ""COD_UBIC1""=@P14 AND ""COD_UBIC2""=@P15 AND ""COD_UBIC3""=@P16 AND ""UBIC_TXT""=@P17"
2026-09-06 01:42:16.3270000;rpc_completed;89;sp_executesql;"exec sp_executesql N'UPDATE ""TestingRH""..""STA19"" SET ""FILLER""=@P1,""CANT_STOCK""=@P2,""COD_ARTICU""=@P3,""COD_DEPOSI""=@P4,""COD_UBIC1""=@P5,""COD_UBIC2""=@P6,""COD_UBIC3""=@P7,""UBIC_TXT""=@P8 WHERE ""ID_STA19""=@P9 AND ""FILLER""=@P10 AND ""CANT_STOCK""=@P11 AND ""COD_ARTICU""=@P12 AND ""COD_DEPOSI""=@P13 AND ""COD_UBIC1""=@P14 AND ""COD_UBIC2""=@P15 AND ""COD_UBIC3""=@P16 AND ""UBIC_TXT""=@P17',N'@P1 varchar(1),@P2 numeric(22,7),@P3 varchar(15),@P4 varchar(2),@P5 varchar(1),@P6 varchar(1),@P7 varchar(1),@P8 varchar(1),@P9 int,@P10 varchar(1),@P11 numeric(22,7),@P12 varchar(15),@P13 varchar(2),@P14 varchar(1),@P15 varchar(1),@P16 varchar(1),@P17 varchar(1)','',48856.0000000,'PTHIBOLROLI0010','01','','','','',5256,'',48857.0000000,'PTHIBOLROLI0010','01','','','',''"
2026-09-06 01:42:16.3350000;sp_statement_completed;88;;INSERT INTO TablasEnUso VALUES(@ProcessID, @TableName, @TableID, 'S', @AppName, @Terminal, @User)
2026-09-06 01:42:16.3400000;sp_statement_completed;88;;INSERT INTO TablasEnUso VALUES(@ProcessID, @TableName, @TableID, @Modo, @AppName, @Terminal, @User)
2026-09-06 01:42:16.3410000;sp_statement_completed;88;;INSERT INTO TablasEnUso VALUES(@ProcessID, @TableName, @TableID, 'S', @AppName, @Terminal, @User)
2026-09-06 01:42:16.3500000;sp_statement_completed;88;;INSERT INTO TablasEnUso VALUES(@ProcessID, @TableName, @TableID, @Modo, @AppName, @Terminal, @User)
2026-09-06 01:42:16.3530000;sp_statement_completed;88;;INSERT INTO TablasEnUso VALUES(@ProcessID, @TableName, @TableID, 'S', @AppName, @Terminal, @User)
2026-09-06 01:42:16.3580000;sp_statement_completed;88;;INSERT INTO TablasEnUso VALUES(@ProcessID, @TableName, @TableID, @Modo, @AppName, @Terminal, @User)
2026-09-06 01:42:16.3640000;sp_statement_completed;89;;"UPDATE ""TestingRH""..""STA17"" SET ""FILLER""=@P1,""DESCRIP""=@P2,""DESTINO""=@P3,""N_TYP""=@P4,""PROXIMO""=@P5,""ID_FORMULARIO_GRAFICO""=@P6 WHERE ""FILLER"" IS NULL AND ""DESCRIP""=@P7 AND ""DESTINO"" IS NULL AND ""N_TYP"" IS NULL AND ""PROXIMO""=@P8 AND ""ID_STA17""=@P9 AND ""ID_FORMULARIO_GRAFICO"" IS NULL"
2026-09-06 01:42:16.3640000;rpc_completed;89;sp_executesql;"exec sp_executesql N'UPDATE ""TestingRH""..""STA17"" SET ""FILLER""=@P1,""DESCRIP""=@P2,""DESTINO""=@P3,""N_TYP""=@P4,""PROXIMO""=@P5,""ID_FORMULARIO_GRAFICO""=@P6 WHERE ""FILLER"" IS NULL AND ""DESCRIP""=@P7 AND ""DESTINO"" IS NULL AND ""N_TYP"" IS NULL AND ""PROXIMO""=@P8 AND ""ID_STA17""=@P9 AND ""ID_FORMULARIO_GRAFICO"" IS NULL',N'@P1 varchar(1),@P2 varchar(22),@P3 varchar(1),@P4 varchar(1),@P5 float,@P6 int,@P7 varchar(22),@P8 float,@P9 int','','VENTA PROMO APP ROLITO','','',2,NULL,'VENTA PROMO APP ROLITO',1,14"
2026-09-06 01:42:16.3840000;rpc_completed;90;sp_prepexec;declare @p1 int set @p1=18 exec sp_prepexec @p1 output,N'@P1 int',N'SELECT Top 1 * FROM STA20 WITH (NOLOCK) WHERE (ID_STA20 = @P1)  ORDER BY ID_STA20',1372460 select @p1
2026-09-06 01:42:16.3970000;rpc_completed;90;sp_prepexec;declare @p1 int set @p1=19 exec sp_prepexec @p1 output,N'@P1 int',N'SELECT Top 1 * FROM STA19 WITH (NOLOCK) WHERE (ID_STA19 = @P1)  ORDER BY ID_STA19',5256 select @p1
2026-09-06 01:42:16.4070000;rpc_completed;90;sp_prepexec;declare @p1 int set @p1=20 exec sp_prepexec @p1 output,N'@P1 int',N'SELECT Top 1 * FROM STA17 WITH (NOLOCK) WHERE (ID_STA17 = @P1)  ORDER BY ID_STA17',14 select @p1
2026-09-06 01:42:16.4210000;rpc_completed;90;sp_prepexec;declare @p1 int set @p1=21 exec sp_prepexec @p1 output,N'@P1 int',N'SELECT Top 1 * FROM STA14 WITH (NOLOCK) WHERE (ID_STA14 = @P1)  ORDER BY ID_STA14',890330 select @p1
2026-09-06 01:42:21.3510000;sql_statement_completed;89;NULL;Delete STA90 Where TER = '{3453EA46-D95F-46DE-82F0-3FD4193025DB}' or TER not in (Select IDPROCESO From TABLASENUSO(nolock))
2026-09-06 01:43:08.7500000;sp_statement_completed;78;;INSERT INTO TablasEnUso VALUES(@ProcessID, @TableName, @TableID, 'S', @AppName, @Terminal, @User)
2026-09-06 01:43:08.7550000;sp_statement_completed;78;;INSERT INTO TablasEnUso VALUES(@ProcessID, @TableName, @TableID, @Modo, @AppName, @Terminal, @User)
2026-09-06 01:43:08.7590000;sp_statement_completed;78;;INSERT INTO TablasEnUso VALUES(@ProcessID, @TableName, @TableID, 'S', @AppName, @Terminal, @User)
2026-09-06 01:43:08.8620000;sp_statement_completed;78;;INSERT INTO TablasEnUso VALUES(@ProcessID, @TableName, @TableID, 'S', @AppName, @Terminal, @User)
2026-09-06 01:43:08.8940000;sp_statement_completed;78;;INSERT INTO TablasEnUso VALUES(@ProcessID, @TableName, @TableID, 'S', @AppName, @Terminal, @User)
2026-09-06 01:43:08.8990000;sp_statement_completed;78;;INSERT INTO TablasEnUso VALUES(@ProcessID, @TableName, @TableID, @Modo, @AppName, @Terminal, @User)
2026-09-06 01:43:08.9160000;sp_statement_completed;78;;INSERT INTO TablasEnUso VALUES(@ProcessID, @TableName, @TableID, 'X', @AppName, @Terminal, @User)
2026-09-06 01:43:08.9230000;sql_statement_completed;88;NULL;DELETE FROM STA90
2026-09-06 01:43:08.9270000;sp_statement_completed;78;;INSERT INTO TablasEnUso VALUES(@ProcessID, @TableName, @TableID, @Modo, @AppName, @Terminal, @User)
2026-09-06 01:43:08.9390000;sp_statement_completed;78;;INSERT INTO TablasEnUso VALUES(@ProcessID, @TableName, @TableID, 'S', @AppName, @Terminal, @User)
2026-09-06 01:43:08.9440000;sp_statement_completed;78;;INSERT INTO TablasEnUso VALUES(@ProcessID, @TableName, @TableID, 'S', @AppName, @Terminal, @User)
2026-09-06 01:43:08.9500000;sp_statement_completed;78;;INSERT INTO TablasEnUso VALUES(@ProcessID, @TableName, @TableID, 'S', @AppName, @Terminal, @User)
2026-09-06 01:43:08.9630000;sp_statement_completed;78;;INSERT INTO TablasEnUso VALUES(@ProcessID, @TableName, @TableID, 'S', @AppName, @Terminal, @User)
2026-09-06 01:43:08.9700000;sp_statement_completed;78;;INSERT INTO TablasEnUso VALUES(@ProcessID, @TableName, @TableID, 'S', @AppName, @Terminal, @User)
2026-09-06 01:43:08.9770000;sp_statement_completed;78;;INSERT INTO TablasEnUso VALUES(@ProcessID, @TableName, @TableID, 'S', @AppName, @Terminal, @User)
2026-09-06 01:43:09.0370000;sp_statement_completed;78;;INSERT INTO TablasEnUso VALUES(@ProcessID, @TableName, @TableID, 'S', @AppName, @Terminal, @User)
2026-09-06 01:43:09.0440000;sp_statement_completed;78;;INSERT INTO TablasEnUso VALUES(@ProcessID, @TableName, @TableID, 'S', @AppName, @Terminal, @User)
2026-09-06 01:43:09.0490000;sp_statement_completed;78;;INSERT INTO TablasEnUso VALUES(@ProcessID, @TableName, @TableID, 'S', @AppName, @Terminal, @User)
2026-09-06 01:43:09.0570000;sp_statement_completed;78;;INSERT INTO TablasEnUso VALUES(@ProcessID, @TableName, @TableID, 'S', @AppName, @Terminal, @User)
2026-09-06 01:43:09.0630000;sp_statement_completed;78;;INSERT INTO TablasEnUso VALUES(@ProcessID, @TableName, @TableID, 'S', @AppName, @Terminal, @User)
2026-09-06 01:43:09.0690000;sp_statement_completed;78;;INSERT INTO TablasEnUso VALUES(@ProcessID, @TableName, @TableID, 'S', @AppName, @Terminal, @User)
2026-09-06 01:43:09.0780000;sp_statement_completed;78;;INSERT INTO TablasEnUso VALUES(@ProcessID, @TableName, @TableID, 'S', @AppName, @Terminal, @User)
2026-09-06 01:43:09.0830000;sp_statement_completed;78;;INSERT INTO TablasEnUso VALUES(@ProcessID, @TableName, @TableID, 'S', @AppName, @Terminal, @User)
2026-09-06 01:43:09.0880000;sp_statement_completed;78;;INSERT INTO TablasEnUso VALUES(@ProcessID, @TableName, @TableID, 'S', @AppName, @Terminal, @User)
2026-09-06 01:43:09.0930000;sp_statement_completed;78;;INSERT INTO TablasEnUso VALUES(@ProcessID, @TableName, @TableID, 'S', @AppName, @Terminal, @User)
2026-09-06 01:43:09.0980000;sp_statement_completed;78;;INSERT INTO TablasEnUso VALUES(@ProcessID, @TableName, @TableID, 'S', @AppName, @Terminal, @User)
2026-09-06 01:43:09.1030000;sp_statement_completed;78;;INSERT INTO TablasEnUso VALUES(@ProcessID, @TableName, @TableID, 'S', @AppName, @Terminal, @User)
2026-09-06 01:43:09.1070000;sp_statement_completed;78;;INSERT INTO TablasEnUso VALUES(@ProcessID, @TableName, @TableID, 'S', @AppName, @Terminal, @User)
2026-09-06 01:43:09.1120000;sp_statement_completed;78;;INSERT INTO TablasEnUso VALUES(@ProcessID, @TableName, @TableID, 'S', @AppName, @Terminal, @User)
2026-09-06 01:43:09.1170000;sp_statement_completed;78;;INSERT INTO TablasEnUso VALUES(@ProcessID, @TableName, @TableID, 'S', @AppName, @Terminal, @User)
2026-09-06 01:43:09.1220000;sp_statement_completed;78;;INSERT INTO TablasEnUso VALUES(@ProcessID, @TableName, @TableID, 'S', @AppName, @Terminal, @User)
2026-09-06 01:43:09.1270000;sp_statement_completed;78;;INSERT INTO TablasEnUso VALUES(@ProcessID, @TableName, @TableID, 'S', @AppName, @Terminal, @User)
2026-09-06 01:43:09.1330000;sp_statement_completed;78;;INSERT INTO TablasEnUso VALUES(@ProcessID, @TableName, @TableID, 'S', @AppName, @Terminal, @User)
2026-09-06 01:43:09.1370000;sp_statement_completed;78;;INSERT INTO TablasEnUso VALUES(@ProcessID, @TableName, @TableID, 'S', @AppName, @Terminal, @User)
2026-09-06 01:43:09.1650000;sp_statement_completed;78;;INSERT INTO TablasEnUso VALUES(@ProcessID, @TableName, @TableID, 'S', @AppName, @Terminal, @User)
2026-09-06 01:43:09.1710000;sp_statement_completed;78;;INSERT INTO TablasEnUso VALUES(@ProcessID, @TableName, @TableID, 'S', @AppName, @Terminal, @User)
2026-09-06 01:43:09.1760000;sp_statement_completed;78;;INSERT INTO TablasEnUso VALUES(@ProcessID, @TableName, @TableID, 'S', @AppName, @Terminal, @User)
2026-09-06 01:43:09.1830000;sp_statement_completed;78;;INSERT INTO TablasEnUso VALUES(@ProcessID, @TableName, @TableID, 'S', @AppName, @Terminal, @User)
2026-09-06 01:43:10.8750000;sql_statement_completed;88;NULL;Delete STA90 Where TER = '{B2774E5A-9B85-4625-AF75-8DD9E4B0A63A}' or TER not in (Select IDPROCESO From TABLASENUSO(nolock))
2026-09-06 01:43:13.2090000;rpc_completed;89;sp_prepexec;declare @p1 int set @p1=1 exec sp_prepexec @p1 output,N'@P1 varchar(1),@P2 varchar(3),@P3 varchar(1)',N'SELECT Top 1 * FROM STA13 WITH (NOLOCK, INDEX(IX_1)) WHERE (T_MOVIM = @P1 AND T_COMP >= @P2) OR (T_MOVIM > @P3)  ORDER BY T_MOVIM, T_COMP, ID_STA13','T','TRA','T' select @p1
2026-09-06 01:43:13.2120000;rpc_completed;89;sp_prepexec;declare @p1 int set @p1=2 exec sp_prepexec @p1 output,N'@P1 smallint',N'SELECT Top 1 * FROM STA17 WITH (NOLOCK, INDEX(IX_0)) WHERE (TALONARIO >= @P1)  ORDER BY TALONARIO, ID_STA17',13 select @p1
2026-09-06 01:43:13.2150000;sp_statement_completed;78;;INSERT INTO TablasEnUso VALUES(@ProcessID, @TableName, @TableID, 'S', @AppName, @Terminal, @User)
2026-09-06 01:43:13.2250000;sp_statement_completed;78;;INSERT INTO TablasEnUso VALUES(@ProcessID, @TableName, @TableID, @Modo, @AppName, @Terminal, @User)
2026-09-06 01:43:13.2270000;sp_statement_completed;78;;INSERT INTO TablasEnUso VALUES(@ProcessID, @TableName, @TableID, 'S', @AppName, @Terminal, @User)
2026-09-06 01:43:13.2320000;sp_statement_completed;78;;INSERT INTO TablasEnUso VALUES(@ProcessID, @TableName, @TableID, @Modo, @AppName, @Terminal, @User)
2026-09-06 01:43:15.6370000;rpc_completed;89;sp_prepexec;declare @p1 int set @p1=3 exec sp_prepexec @p1 output,N'@P1 varchar(6),@P2 varchar(3),@P3 varchar(14),@P4 varchar(6),@P5 varchar(3),@P6 varchar(6)',N'SELECT Top 1 * FROM STA14 WITH (NOLOCK, INDEX(IX_1)) WHERE (COD_PRO_CL = @P1 AND T_COMP = @P2 AND N_COMP >= @P3) OR (COD_PRO_CL = @P4 AND T_COMP > @P5) OR (COD_PRO_CL > @P6)  ORDER BY COD_PRO_CL, T_COMP, N_COMP, ID_STA14','','TRA',' 0002500067900','','TRA','' select @p1
2026-09-06 01:43:15.6430000;rpc_completed;89;sp_prepexec;declare @p1 int set @p1=4 exec sp_prepexec @p1 output,N'@P1 int',N'SELECT Top 1 * FROM STA14 WITH (NOLOCK) WHERE (ID_STA14 = @P1)  ORDER BY ID_STA14',202190 select @p1
2026-09-06 01:43:15.6480000;sp_statement_completed;78;;INSERT INTO TablasEnUso VALUES(@ProcessID, @TableName, @TableID, 'S', @AppName, @Terminal, @User)
2026-09-06 01:43:15.6530000;sp_statement_completed;78;;INSERT INTO TablasEnUso VALUES(@ProcessID, @TableName, @TableID, @Modo, @AppName, @Terminal, @User)
2026-09-06 01:43:15.6540000;sp_statement_completed;78;;INSERT INTO TablasEnUso VALUES(@ProcessID, @TableName, @TableID, 'S', @AppName, @Terminal, @User)
2026-09-06 01:43:15.6590000;sp_statement_completed;78;;INSERT INTO TablasEnUso VALUES(@ProcessID, @TableName, @TableID, @Modo, @AppName, @Terminal, @User)
2026-09-06 01:43:23.3340000;rpc_completed;89;sp_prepexec;declare @p1 int set @p1=5 exec sp_prepexec @p1 output,N'@P1 varchar(2)',N'SELECT Top 1 * FROM STA22 WITH (NOLOCK, INDEX(IX_0)) WHERE (COD_SUCURS >= @P1)  ORDER BY COD_SUCURS, ID_STA22','01' select @p1
2026-09-06 01:43:24.8780000;rpc_completed;89;sp_prepexec;declare @p1 int set @p1=6 exec sp_prepexec @p1 output,N'@P1 varchar(2),@P2 int,@P3 varchar(2)',N'SELECT Top 250 * FROM STA22 WITH (NOLOCK, INDEX(IX_0)) WHERE (COD_SUCURS = @P1 AND ID_STA22 > @P2) OR (COD_SUCURS > @P3)  ORDER BY COD_SUCURS, ID_STA22','01',74,'01' select @p1
2026-09-06 01:43:58.8340000;rpc_completed;89;sp_prepexec;declare @p1 int set @p1=7 exec sp_prepexec @p1 output,N'@P1 int',N'SELECT Top 1 * FROM STA22 WITH (NOLOCK) WHERE (ID_STA22 = @P1)  ORDER BY ID_STA22',74 select @p1
2026-09-06 01:44:40.9800000;rpc_completed;89;sp_prepexec;declare @p1 int set @p1=8 exec sp_prepexec @p1 output,N'@P1 varchar(2)',N'SELECT Top 1 * FROM STA22 WITH (NOLOCK, INDEX(IX_0)) WHERE (COD_SUCURS >= @P1)  ORDER BY COD_SUCURS, ID_STA22','03' select @p1
2026-09-06 01:44:50.0100000;rpc_completed;89;sp_prepexec;declare @p1 int set @p1=9 exec sp_prepexec @p1 output,N'@P1 int',N'SELECT Top 1 * FROM STA22 WITH (NOLOCK) WHERE (ID_STA22 = @P1)  ORDER BY ID_STA22',76 select @p1
2026-09-06 01:44:50.0160000;rpc_completed;89;sp_prepexec;declare @p1 int set @p1=10 exec sp_prepexec @p1 output,N'@P1 int',N'SELECT Top 1 * FROM STA22 WITH (NOLOCK) WHERE (ID_STA22 = @P1)  ORDER BY ID_STA22',76 select @p1
2026-09-06 01:45:34.2280000;rpc_completed;89;sp_prepexec;declare @p1 int set @p1=11 exec sp_prepexec @p1 output,N'@P1 varchar(2)',N'SELECT Top 1 * FROM STA22 WITH (NOLOCK, INDEX(IX_0)) WHERE (COD_SUCURS >= @P1)  ORDER BY COD_SUCURS, ID_STA22','03' select @p1
2026-09-06 01:46:01.6830000;rpc_completed;89;sp_prepexec;declare @p1 int set @p1=12 exec sp_prepexec @p1 output,N'@P1 varchar(15)',N'SELECT Top 1 * FROM STA11 WITH (NOLOCK, INDEX(IX_0)) WHERE (COD_ARTICU >= @P1)  ORDER BY COD_ARTICU, ID_STA11',' PTHIBOLROLI001' select @p1
2026-09-06 01:46:01.9210000;rpc_completed;89;sp_prepexec;declare @p1 int set @p1=13 exec sp_prepexec @p1 output,N'@P1 varchar(40)',N'SELECT Top 1 * FROM STA11 WITH (NOLOCK, INDEX(IX_2)) WHERE (COD_BARRA >= @P1)  ORDER BY COD_BARRA, ID_STA11',' PTHIBOLROLI001' select @p1
2026-09-06 01:46:01.9780000;rpc_completed;89;sp_prepexec;declare @p1 int set @p1=14 exec sp_prepexec @p1 output,N'@P1 int',N'SELECT Top 1 * FROM STA11 WITH (NOLOCK) WHERE (ID_STA11 = @P1)  ORDER BY ID_STA11',1618 select @p1
2026-09-06 01:46:02.1000000;rpc_completed;89;sp_prepexec;declare @p1 int set @p1=15 exec sp_prepexec @p1 output,N'@P1 varchar(15)',N'SELECT Top 1 * FROM STA11 WITH (NOLOCK, INDEX(IX_0)) WHERE (COD_ARTICU >= @P1)  ORDER BY COD_ARTICU, ID_STA11',' PTHIBOLROLI001' select @p1
2026-09-06 01:46:02.2570000;rpc_completed;89;sp_prepexec;declare @p1 int set @p1=16 exec sp_prepexec @p1 output,N'@P1 varchar(15)',N'SELECT Top 1 * FROM STA11 WITH (NOLOCK, INDEX(IX_3)) WHERE (SINONIMO >= @P1)  ORDER BY SINONIMO, ID_STA11',' PTHIBOLROLI001' select @p1
2026-09-06 01:46:02.3190000;rpc_completed;89;sp_prepexec;declare @p1 int set @p1=17 exec sp_prepexec @p1 output,N'@P1 int',N'SELECT Top 1 * FROM STA11 WITH (NOLOCK) WHERE (ID_STA11 = @P1)  ORDER BY ID_STA11',1618 select @p1
2026-09-06 01:46:02.4530000;rpc_completed;89;sp_prepexec;declare @p1 int set @p1=18 exec sp_prepexec @p1 output,N'@P1 varchar(15)',N'SELECT Top 1 * FROM STA11 WITH (NOLOCK, INDEX(IX_0)) WHERE (COD_ARTICU >= @P1)  ORDER BY COD_ARTICU, ID_STA11',' PTHIBO' select @p1
2026-09-06 01:48:08.8540000;rpc_completed;89;sp_prepexec;declare @p1 int set @p1=19 exec sp_prepexec @p1 output,N'@P1 int',N'SELECT Top 1 * FROM STA11 WITH (NOLOCK) WHERE (ID_STA11 = @P1)  ORDER BY ID_STA11',1695 select @p1
2026-09-06 01:48:08.9610000;rpc_completed;89;sp_prepexec;declare @p1 int set @p1=20 exec sp_prepexec @p1 output,N'@P1 int',N'SELECT Top 1 * FROM STA11 WITH (NOLOCK) WHERE (ID_STA11 = @P1)  ORDER BY ID_STA11',1695 select @p1
2026-09-06 01:48:09.0630000;rpc_completed;89;sp_prepexec;declare @p1 int set @p1=21 exec sp_prepexec @p1 output,N'@P1 int',N'SELECT Top 1 * FROM STA11 WITH (NOLOCK) WHERE (ID_STA11 = @P1)  ORDER BY ID_STA11',1695 select @p1
2026-09-06 01:48:24.9550000;rpc_completed;89;sp_prepexec;declare @p1 int set @p1=22 exec sp_prepexec @p1 output,N'@P1 varchar(15)',N'SELECT Top 1 * FROM STA11 WITH (NOLOCK, INDEX(IX_0)) WHERE (COD_ARTICU >= @P1)  ORDER BY COD_ARTICU, ID_STA11','PTHIBOLROLI0010' select @p1
2026-09-06 01:48:25.2120000;rpc_completed;89;sp_prepexec;declare @p1 int set @p1=23 exec sp_prepexec @p1 output,N'@P1 int',N'SELECT Top 1 * FROM STA11 WITH (NOLOCK) WHERE (ID_STA11 = @P1)  ORDER BY ID_STA11',1815 select @p1
2026-09-06 01:48:25.3110000;rpc_completed;89;sp_prepexec;declare @p1 int set @p1=24 exec sp_prepexec @p1 output,N'@P1 int',N'SELECT Top 1 * FROM STA11 WITH (NOLOCK) WHERE (ID_STA11 = @P1)  ORDER BY ID_STA11',1815 select @p1
2026-09-06 01:48:25.4140000;rpc_completed;89;sp_prepexec;declare @p1 int set @p1=25 exec sp_prepexec @p1 output,N'@P1 int',N'SELECT Top 1 * FROM STA11 WITH (NOLOCK) WHERE (ID_STA11 = @P1)  ORDER BY ID_STA11',1815 select @p1
2026-09-06 01:48:30.3510000;rpc_completed;89;sp_prepexec;declare @p1 int set @p1=26 exec sp_prepexec @p1 output,N'@P1 varchar(15)',N'SELECT Top 1 * FROM STA11 WITH (NOLOCK, INDEX(IX_0)) WHERE (COD_ARTICU >= @P1)  ORDER BY COD_ARTICU, ID_STA11','PTHIBOLROLI0010' select @p1
2026-09-06 01:48:30.5870000;rpc_completed;89;sp_prepexec;declare @p1 int set @p1=27 exec sp_prepexec @p1 output,N'@P1 int',N'SELECT Top 1 * FROM STA11 WITH (NOLOCK) WHERE (ID_STA11 = @P1)  ORDER BY ID_STA11',1815 select @p1
2026-09-06 01:48:30.6870000;rpc_completed;89;sp_prepexec;declare @p1 int set @p1=28 exec sp_prepexec @p1 output,N'@P1 int',N'SELECT Top 1 * FROM STA11 WITH (NOLOCK) WHERE (ID_STA11 = @P1)  ORDER BY ID_STA11',1815 select @p1
2026-09-06 01:48:30.7860000;rpc_completed;89;sp_prepexec;declare @p1 int set @p1=29 exec sp_prepexec @p1 output,N'@P1 int',N'SELECT Top 1 * FROM STA11 WITH (NOLOCK) WHERE (ID_STA11 = @P1)  ORDER BY ID_STA11',1815 select @p1
2026-09-06 01:48:35.0800000;rpc_completed;89;sp_prepexec;declare @p1 int set @p1=30 exec sp_prepexec @p1 output,N'@P1 varchar(15)',N'SELECT Top 1 * FROM STA11 WITH (NOLOCK, INDEX(IX_0)) WHERE (COD_ARTICU >= @P1)  ORDER BY COD_ARTICU, ID_STA11','PTHIBOLROLI0010' select @p1
2026-09-06 01:48:35.2990000;rpc_completed;89;sp_prepexec;declare @p1 int set @p1=31 exec sp_prepexec @p1 output,N'@P1 varchar(40)',N'SELECT Top 1 * FROM STA11 WITH (NOLOCK, INDEX(IX_2)) WHERE (COD_BARRA >= @P1)  ORDER BY COD_BARRA, ID_STA11','PTHIBOLROLI0010' select @p1
2026-09-06 01:48:35.3470000;rpc_completed;89;sp_prepexec;declare @p1 int set @p1=32 exec sp_prepexec @p1 output,N'@P1 int',N'SELECT Top 1 * FROM STA11 WITH (NOLOCK) WHERE (ID_STA11 = @P1)  ORDER BY ID_STA11',1815 select @p1
2026-09-06 01:48:35.4440000;rpc_completed;89;sp_prepexec;declare @p1 int set @p1=33 exec sp_prepexec @p1 output,N'@P1 varchar(15)',N'SELECT Top 1 * FROM STA11 WITH (NOLOCK, INDEX(IX_0)) WHERE (COD_ARTICU >= @P1)  ORDER BY COD_ARTICU, ID_STA11','PTHIBOLROLI0010' select @p1
2026-09-06 01:48:35.5020000;rpc_completed;89;sp_prepexec;declare @p1 int set @p1=34 exec sp_prepexec @p1 output,N'@P1 int',N'SELECT Top 1 * FROM MEDIDA WITH (NOLOCK) WHERE (ID_MEDIDA = @P1)  ORDER BY ID_MEDIDA',17 select @p1
2026-09-06 01:48:53.1880000;rpc_completed;89;sp_prepexec;declare @p1 int set @p1=35 exec sp_prepexec @p1 output,N'@P1 varchar(15),@P2 varchar(2),@P3 varchar(15)',N'SELECT Top 1 * FROM STA19 WITH (NOLOCK, INDEX(IX_1)) WHERE (COD_ARTICU = @P1 AND COD_DEPOSI >= @P2) OR (COD_ARTICU > @P3)  ORDER BY COD_ARTICU, COD_DEPOSI, ID_STA19','PTHIBOLROLI0010','01','PTHIBOLROLI0010' select @p1
2026-09-06 01:48:53.4560000;rpc_completed;89;sp_prepexec;declare @p1 int set @p1=36 exec sp_prepexec @p1 output,N'@P1 int',N'SELECT Top 1 * FROM STA11 WITH (NOLOCK) WHERE (ID_STA11 = @P1)  ORDER BY ID_STA11',1815 select @p1
2026-09-06 01:48:53.5570000;rpc_completed;89;sp_prepexec;declare @p1 int set @p1=37 exec sp_prepexec @p1 output,N'@P1 int',N'SELECT Top 1 * FROM STA11 WITH (NOLOCK) WHERE (ID_STA11 = @P1)  ORDER BY ID_STA11',1815 select @p1
2026-09-06 01:48:53.6560000;rpc_completed;89;sp_prepexec;declare @p1 int set @p1=38 exec sp_prepexec @p1 output,N'@P1 int',N'SELECT Top 1 * FROM STA11 WITH (NOLOCK) WHERE (ID_STA11 = @P1)  ORDER BY ID_STA11',1815 select @p1
2026-09-06 01:49:32.3500000;rpc_completed;89;sp_prepexec;declare @p1 int set @p1=39 exec sp_prepexec @p1 output,N'@P1 int',N'SELECT Top 1 * FROM STA11 WITH (NOLOCK) WHERE (ID_STA11 = @P1)  ORDER BY ID_STA11',1815 select @p1
2026-09-06 01:49:32.4490000;rpc_completed;89;sp_prepexec;declare @p1 int set @p1=40 exec sp_prepexec @p1 output,N'@P1 int',N'SELECT Top 1 * FROM STA11 WITH (NOLOCK) WHERE (ID_STA11 = @P1)  ORDER BY ID_STA11',1815 select @p1
2026-09-06 01:49:32.5490000;rpc_completed;89;sp_prepexec;declare @p1 int set @p1=41 exec sp_prepexec @p1 output,N'@P1 int',N'SELECT Top 1 * FROM STA11 WITH (NOLOCK) WHERE (ID_STA11 = @P1)  ORDER BY ID_STA11',1815 select @p1
2026-09-06 01:49:46.6900000;rpc_completed;88;sp_prepexec;declare @p1 int set @p1=1 exec sp_prepexec @p1 output,N'@P1 int',N'SELECT Top 1 * FROM STA14 WHERE (ID_STA14 = @P1)  ORDER BY ID_STA14',202190 select @p1
2026-09-06 01:49:46.7060000;rpc_completed;88;sp_prepexec;declare @p1 int set @p1=2 exec sp_prepexec @p1 output,N'@P1 int',N'SELECT Top 1 * FROM STA17 WHERE (ID_STA17 = @P1)  ORDER BY ID_STA17',13 select @p1
2026-09-06 01:49:46.7190000;rpc_completed;88;sp_prepexec;declare @p1 int set @p1=3 exec sp_prepexec @p1 output,N'@P1 int',N'SELECT Top 1 * FROM STA19 WHERE (ID_STA19 = @P1)  ORDER BY ID_STA19',5256 select @p1
2026-09-06 01:49:46.8330000;rpc_completed;88;sp_prepexec;declare @p1 int set @p1=4 exec sp_prepexec @p1 output,N'@P1 varchar(6),@P2 varchar(3),@P3 varchar(14),@P4 varchar(6),@P5 varchar(3),@P6 varchar(6)',N'SELECT Top 1 * FROM STA14 WITH (INDEX(IX_1)) WHERE (COD_PRO_CL = @P1 AND T_COMP = @P2 AND N_COMP >= @P3) OR (COD_PRO_CL = @P4 AND T_COMP > @P5) OR (COD_PRO_CL > @P6)  ORDER BY COD_PRO_CL, T_COMP, N_COMP, ID_STA14','','TRA',' 0002500067900','','TRA','' select @p1
2026-09-06 01:49:46.8400000;rpc_completed;88;sp_prepexec;declare @p1 int set @p1=5 exec sp_prepexec @p1 output,N'@P1 int',N'SELECT Top 1 * FROM STA14 WHERE (ID_STA14 = @P1)  ORDER BY ID_STA14',202190 select @p1
2026-09-06 01:49:46.9470000;rpc_completed;88;sp_prepexec;declare @p1 int set @p1=6 exec sp_prepexec @p1 output,N'@P1 varchar(2),@P2 varchar(8),@P3 varchar(2)',N'SELECT Top 1 * FROM STA14 WITH (INDEX(IX_0)) WHERE (TCOMP_IN_S = @P1 AND NCOMP_IN_S >= @P2) OR (TCOMP_IN_S > @P3)  ORDER BY TCOMP_IN_S, NCOMP_IN_S, ID_STA14','TI','99999999','TI' select @p1
2026-09-06 01:49:47.0330000;rpc_completed;88;sp_prepexec;declare @p1 int set @p1=7 exec sp_prepexec @p1 output,N'@P1 varchar(2),@P2 varchar(8),@P3 int,@P4 varchar(2),@P5 varchar(8),@P6 varchar(2)',N'SELECT Top 1 * FROM STA14 WITH (INDEX(IX_0)) WHERE (TCOMP_IN_S = @P1 AND NCOMP_IN_S = @P2 AND ID_STA14 < @P3) OR (TCOMP_IN_S = @P4 AND NCOMP_IN_S < @P5) OR (TCOMP_IN_S < @P6)  ORDER BY TCOMP_IN_S DESC , NCOMP_IN_S DESC , ID_STA14 DESC','VE','00005442',155791,'VE','00005442','VE' select @p1
2026-09-06 01:49:47.0480000;sp_statement_completed;88;;IF ( SELECT COUNT( * ) 				 FROM   INSERTED ) = 1
2026-09-06 01:49:47.0480000;sp_statement_completed;88;;SELECT @ID_STA13 = STA13.ID_STA13 			FROM INSERTED  			JOIN STA13 ON (INSERTED.T_COMP = STA13.T_COMP)
2026-09-06 01:49:47.0510000;sp_statement_completed;88;;UPDATE STA14 SET ID_STA13 = @ID_STA13 			FROM INSERTED 			WHERE STA14.ID_STA14 = INSERTED.ID_STA14
2026-09-06 01:49:47.0510000;sp_statement_completed;88;;SELECT @ID_STA14 = ID_STA14 			FROM INSERTED
2026-09-06 01:49:47.0510000;sp_statement_completed;88;;IF ( SELECT COUNT( * ) 				 FROM   INSERTED ) = 1
2026-09-06 01:49:47.0510000;sp_statement_completed;88;;IF UPDATE(COD_ARTICU)
2026-09-06 01:49:47.0510000;sp_statement_completed;88;;IF NOT EXISTS(SELECT 1 FROM DELETED)
2026-09-06 01:49:47.0520000;sp_statement_completed;88;;UPDATE STA20 SET ID_STA14 = STA14.ID_STA14 				FROM STA20 					JOIN INSERTED ON INSERTED.ID_STA20 = STA20.ID_STA20 					JOIN STA14 ON STA14.TCOMP_IN_S = INSERTED.TCOMP_IN_S AND STA14.NCOMP_IN_S = INSERTED.NCOMP_IN_S
2026-09-06 01:49:47.0520000;sp_statement_completed;88;;UPDATE STA20 SET ID_STA14 = @ID_STA14  			FROM  				STA20  				INNER JOIN 				INSERTED I ON I.TCOMP_IN_S = STA20.TCOMP_IN_S AND 								I.NCOMP_IN_S = STA20.NCOMP_IN_S 			WHERE STA20.ID_STA14 IS NULL
2026-09-06 01:49:47.0520000;sp_statement_completed;88;;SELECT @ID_GVA14 = GVA14.ID_GVA14 			FROM INSERTED 				JOIN GVA14 ON (INSERTED.COD_PRO_CL = GVA14.COD_CLIENT) 			WHERE INSERTED.TCOMP_IN_S IN ('RE', 'FR', 'CC', 'DC', 'DR', 'FC')
2026-09-06 01:49:47.0520000;sp_statement_completed;88;;UPDATE STA14 SET ID_GVA14 = @ID_GVA14 			FROM INSERTED 			WHERE STA14.ID_STA14 = INSERTED.ID_STA14
2026-09-06 01:49:47.0520000;sp_statement_completed;88;;"INSERT INTO ""TestingRH""..""STA14"" (""FILLER"",""COD_PRO_CL"",""COTIZ"",""ESTADO_MOV"",""EXPORTADO"",""EXP_STOCK"",""FECHA_ANU"",""FECHA_MOV"",""HORA"",""LISTA_REM"",""LOTE"",""LOTE_ANU"",""MON_CTE"",""MOTIVO_REM"",""N_COMP"",""N_REMITO"",""NCOMP_IN_S"",""NCOMP_ORIG"",""NRO_SUCURS"",""OBSERVACIO"",""SUC_ORIG"",""T_COMP"",""TALONARIO"",""TCOMP_IN_S"",""TCOMP_ORIG"",""USUARIO"",""COD_TRANSP"",""HORA_COMP"",""ID_A_RENTA"",""DOC_ELECTR"",""COD_CLASIF"",""AUDIT_IMP"",""IMP_IVA"",""IMP_OTIMP"",""IMPORTE_BO"",""IMPORTE_TO"",""DIFERENCIA"",""SUC_DESTIN"",""T_DOC_DTE"",""LEYENDA1"",""LEYENDA2"",""LEYENDA3"",""LEYENDA4"",""LEYENDA5"",""DCTO_CLIEN"",""T_INT_ORI"",""N_INT_ORI"",""FECHA_INGRESO"",""HORA_INGRESO"",""USUARIO_INGRESO"",""TERMINAL_INGRESO"",""IMPORTE_TOTAL_CON_IMPUESTOS"",""CANTIDAD_KILOS"",""ID_DIRECCION_ENTREGA"",""NRO_SUCURSAL_DESTINO_REMITO"",""COD_DEPOSI"",""COND_VTA"",""HORA_ANU"",""USUARIO_ANU"",""TERMINAL_ANU"") VALUES (@P1,@P2,@P3,@P4,@P5,@P6,@P7,@P8,@P9,@P10,@P11,@P12,@P13,@P14,@P15,@P16,@P17,@P18,@P19,@P20,@P21,@P22,@P23,@P24,@P25,@P26,@P27,@P28,@P29,@P30,@P31,@P32,@P33,@P34,@P35,@P36,@P37,@P38,@P39,@P40,@P41,@P42,@P43,@P44,@P45,@P46,@P47,@P48,@P49,@P50,@P51,@P52,@P53,@P54,@P55,@P56,@P57,@P58,@P59,@P60)"
2026-09-06 01:49:47.0520000;rpc_completed;88;sp_executesql;"exec sp_executesql N'SET NOCOUNT OFF; INSERT INTO ""TestingRH""..""STA14"" (""FILLER"",""COD_PRO_CL"",""COTIZ"",""ESTADO_MOV"",""EXPORTADO"",""EXP_STOCK"",""FECHA_ANU"",""FECHA_MOV"",""HORA"",""LISTA_REM"",""LOTE"",""LOTE_ANU"",""MON_CTE"",""MOTIVO_REM"",""N_COMP"",""N_REMITO"",""NCOMP_IN_S"",""NCOMP_ORIG"",""NRO_SUCURS"",""OBSERVACIO"",""SUC_ORIG"",""T_COMP"",""TALONARIO"",""TCOMP_IN_S"",""TCOMP_ORIG"",""USUARIO"",""COD_TRANSP"",""HORA_COMP"",""ID_A_RENTA"",""DOC_ELECTR"",""COD_CLASIF"",""AUDIT_IMP"",""IMP_IVA"",""IMP_OTIMP"",""IMPORTE_BO"",""IMPORTE_TO"",""DIFERENCIA"",""SUC_DESTIN"",""T_DOC_DTE"",""LEYENDA1"",""LEYENDA2"",""LEYENDA3"",""LEYENDA4"",""LEYENDA5"",""DCTO_CLIEN"",""T_INT_ORI"",""N_INT_ORI"",""FECHA_INGRESO"",""HORA_INGRESO"",""USUARIO_INGRESO"",""TERMINAL_INGRESO"",""IMPORTE_TOTAL_CON_IMPUESTOS"",""CANTIDAD_KILOS"",""ID_DIRECCION_ENTREGA"",""NRO_SUCURSAL_DESTINO_REMITO"",""COD_DEPOSI"",""COND_VTA"",""HORA_ANU"",""USUARIO_ANU"",""TERMINAL_ANU"") VALUES (@P1,@P2,@P3,@P4,@P5,@P6,@P7,@P8,@P9,@P10,@P11,@P12,@P13,@P14,@P15,@P16,@P17,@P18,@P19,@P20,@P21,@P22,@P23,@P24,@P25,@P26,@P27,@P28,@P29,@P30,@P31,@P32,@P33,@P34,@P35,@P36,@P37,@P38,@P39,@P40,@P41,@P42,@P43,@P44,@P45,@P46,@P47,@P48,@P49,@P50,@P51,@P52,@P53,@P54,@P55,@P56,@P57,@P58,@P59,@P60); SELECT SCOPE_IDENTITY() AS SCOPE_ID_COLUMN',N'@P1 varchar(1),@P2 varchar(1),@P3 numeric(22,7),@P4 varchar(1),@P5 bit,@P6 bit,@P7 datetime,@P8 datetime,@P9 varchar(4),@P10 smallint,@P11 float,@P12 float,@P13 bit,@P14 varchar(1),@P15 varchar(14),@P16 varchar(1),@P17 varchar(8),@P18 varchar(1),@P19 smallint,@P20 varchar(14),@P21 smallint,@P22 varchar(3),@P23 smallint,@P24 varchar(2),@P25 varchar(1),@P26 varchar(10),@P27 varchar(1),@P28 varchar(6),@P29 float,@P30 bit,@P31 varchar(1),@P32 varchar(1),@P33 numeric(22,7),@P34 numeric(22,7),@P35 numeric(22,7),@P36 numeric(22,7),@P37 varchar(1),@P38 smallint,@P39 varchar(1),@P40 varchar(18),@P41 varchar(1),@P42 varchar(1),@P43 varchar(1),@P44 varchar(1),@P45 numeric(22,7),@P46 varchar(1),@P47 varchar(1),@P48 datetime,@P49 varchar(6),@P50 varchar(10),@P51 varchar(8),@P52 numeric(22,7),@P53 numeric(22,7),@P54 int,@P55 smallint,@P56 varchar(1),@P57 smallint,@P58 varchar(1),@P59 varchar(1),@P60 varchar(1)','','',1.0000000,'',0,0,'1800-01-01 00:00:00','2026-09-05 00:00:00','0000',0,0,0,1,'',' 0002500067900','','00073673','',0,'PRUEBA TRA APP',0,'TRA',13,'TI','','SUPERVISOR','','224947',0,0,'','',0.0000000,0.0000000,0.0000000,0.0000000,'N',0,'','ROLITO:PRUEBA:TRA1','','','','',0.0000000,'','','2026-09-05 00:00:00','224947','SUPERVISOR','RHIELOTG',0.0000000,0.0000000,NULL,0,'',0,NULL,NULL,NULL"
2026-09-06 01:49:47.0550000;rpc_completed;89;sp_prepexec;declare @p1 int set @p1=42 exec sp_prepexec @p1 output,N'@P1 varchar(15)',N'SELECT Top 1 * FROM STA11 WITH (NOLOCK, INDEX(IX_0)) WHERE (COD_ARTICU >= @P1)  ORDER BY COD_ARTICU, ID_STA11','PTHIBOLROLI0010' select @p1
2026-09-06 01:49:47.1170000;sp_statement_completed;88;;IF ( SELECT COUNT( * ) 				 FROM   INSERTED ) = 1
2026-09-06 01:49:47.1170000;sp_statement_completed;88;;IF UPDATE(COD_ARTICU)
2026-09-06 01:49:47.1170000;sp_statement_completed;88;;SELECT @ID_STA11 = STA11.ID_STA11 			   FROM INSERTED  			   JOIN STA11 ON (INSERTED.COD_ARTICU = STA11.COD_ARTICU)
2026-09-06 01:49:47.1170000;sp_statement_completed;88;;UPDATE STA20 SET ID_STA11 = @ID_STA11 			   FROM INSERTED 			   WHERE STA20.ID_STA20 = INSERTED.ID_STA20
2026-09-06 01:49:47.1170000;sp_statement_completed;88;;IF NOT EXISTS(SELECT 1 FROM DELETED)
2026-09-06 01:49:47.1170000;sp_statement_completed;88;;SELECT @ID_STA14 = STA14.ID_STA14 			   FROM INSERTED  			   JOIN STA14 ON (INSERTED.TCOMP_IN_S = STA14.TCOMP_IN_S AND INSERTED.NCOMP_IN_S = STA14.NCOMP_IN_S)
2026-09-06 01:49:47.1180000;sp_statement_completed;88;;UPDATE STA20 SET ID_STA14 = @ID_STA14 			   FROM INSERTED 			   WHERE STA20.ID_STA20 = INSERTED.ID_STA20
2026-09-06 01:49:47.1180000;sp_statement_completed;88;;"INSERT INTO ""TestingRH""..""STA20"" (""FILLER"",""CAN_EQUI_V"",""CANT_DEV"",""CANT_OC"",""CANT_PEND"",""CANT_SCRAP"",""CANTIDAD"",""CANT_FACTU"",""COD_ARTICU"",""COD_DEPOSI"",""DEPOSI_DDE"",""EQUIVALENC"",""FECHA_MOV"",""N_ORDEN_CO"",""N_RENGL_OC"",""N_RENGL_S"",""NCOMP_IN_S"",""PLISTA_REM"",""PPP_EX"",""PPP_LO"",""PRECIO"",""PRECIO_REM"",""TCOMP_IN_S"",""TIPO_MOV"",""COD_CLASIF"",""DCTO_FACTU"",""CANT_DEV_2"",""CANT_PEND_2"",""CANTIDAD_2"",""CANT_FACTU_2"",""CANT_OC_2"",""ID_MEDIDA_STOCK_2"",""ID_MEDIDA_STOCK"",""ID_MEDIDA_VENTAS"",""ID_MEDIDA_COMPRA"",""UNIDAD_MEDIDA_SELECCIONADA"",""PRECIO_REMITO_VENTAS"",""RENGL_PADR"",""COD_ARTICU_KIT"",""PROMOCION"",""TALONARIO_OC"",""COD_DEPOSI_INGRESO"",""OBSERVACIONES"",""IMPUESTO_INTERNO_FIJO"",""IMPORTE_SIN_IMPUESTOS"",""IMPORTE_CON_IMPUESTOS"",""BASE_CALCULO_II_VARIABLE"",""CANTIDAD_PARTIDAS"",""CANTIDAD_PARTIDAS_2"",""NRO_OC_COMP"") VALUES (@P1,@P2,@P3,@P4,@P5,@P6,@P7,@P8,@P9,@P10,@P11,@P12,@P13,@P14,@P15,@P16,@P17,@P18,@P19,@P20,@P21,@P22,@P23,@P24,@P25,@P26,@P27,@P28,@P29,@P30,@P31,@P32,@P33,@P34,@P35,@P36,@P37,@P38,@P39,@P40,@P41,@P42,@P43,@P44,@P45,@P46,@P47,@P48,@P49,@P50)"
2026-09-06 01:49:47.1180000;rpc_completed;88;sp_executesql;"exec sp_executesql N'SET NOCOUNT OFF; INSERT INTO ""TestingRH""..""STA20"" (""FILLER"",""CAN_EQUI_V"",""CANT_DEV"",""CANT_OC"",""CANT_PEND"",""CANT_SCRAP"",""CANTIDAD"",""CANT_FACTU"",""COD_ARTICU"",""COD_DEPOSI"",""DEPOSI_DDE"",""EQUIVALENC"",""FECHA_MOV"",""N_ORDEN_CO"",""N_RENGL_OC"",""N_RENGL_S"",""NCOMP_IN_S"",""PLISTA_REM"",""PPP_EX"",""PPP_LO"",""PRECIO"",""PRECIO_REM"",""TCOMP_IN_S"",""TIPO_MOV"",""COD_CLASIF"",""DCTO_FACTU"",""CANT_DEV_2"",""CANT_PEND_2"",""CANTIDAD_2"",""CANT_FACTU_2"",""CANT_OC_2"",""ID_MEDIDA_STOCK_2"",""ID_MEDIDA_STOCK"",""ID_MEDIDA_VENTAS"",""ID_MEDIDA_COMPRA"",""UNIDAD_MEDIDA_SELECCIONADA"",""PRECIO_REMITO_VENTAS"",""RENGL_PADR"",""COD_ARTICU_KIT"",""PROMOCION"",""TALONARIO_OC"",""COD_DEPOSI_INGRESO"",""OBSERVACIONES"",""IMPUESTO_INTERNO_FIJO"",""IMPORTE_SIN_IMPUESTOS"",""IMPORTE_CON_IMPUESTOS"",""BASE_CALCULO_II_VARIABLE"",""CANTIDAD_PARTIDAS"",""CANTIDAD_PARTIDAS_2"",""NRO_OC_COMP"") VALUES (@P1,@P2,@P3,@P4,@P5,@P6,@P7,@P8,@P9,@P10,@P11,@P12,@P13,@P14,@P15,@P16,@P17,@P18,@P19,@P20,@P21,@P22,@P23,@P24,@P25,@P26,@P27,@P28,@P29,@P30,@P31,@P32,@P33,@P34,@P35,@P36,@P37,@P38,@P39,@P40,@P41,@P42,@P43,@P44,@P45,@P46,@P47,@P48,@P49,@P50); SELECT SCOPE_IDENTITY() AS SCOPE_ID_COLUMN',N'@P1 varchar(1),@P2 numeric(22,7),@P3 numeric(22,7),@P4 numeric(22,7),@P5 numeric(22,7),@P6 numeric(22,7),@P7 numeric(22,7),@P8 numeric(22,7),@P9 varchar(15),@P10 varchar(2),@P11 varchar(2),@P12 numeric(22,7),@P13 datetime,@P14 varchar(1),@P15 int,@P16 int,@P17 varchar(8),@P18 numeric(22,7),@P19 numeric(22,7),@P20 numeric(22,7),@P21 numeric(22,7),@P22 numeric(22,7),@P23 varchar(2),@P24 varchar(1),@P25 varchar(1),@P26 numeric(22,7),@P27 numeric(22,7),@P28 numeric(22,7),@P29 numeric(22,7),@P30 numeric(22,7),@P31 numeric(22,7),@P32 int,@P33 int,@P34 int,@P35 int,@P36 varchar(1),@P37 numeric(22,7),@P38 int,@P39 varchar(1),@P40 bit,@P41 smallint,@P42 varchar(1),@P43 varchar(1),@P44 numeric(22,7),@P45 numeric(22,7),@P46 numeric(22,7),@P47 numeric(22,7),@P48 numeric(22,7),@P49 numeric(22,7),@P50 varchar(1)','',1.0000000,0.0000000,0.0000000,0.0000000,0.0000000,1.0000000,0.0000000,'PTHIBOLROLI0010','03','01',1.0000000,'2026-09-05 00:00:00','',0,1,'00073673',0.0000000,0.0000000,0.0000000,0.0000000,0.0000000,'TI','E','',0.0000000,0.0000000,0.0000000,0.0000000,0.0000000,0.0000000,NULL,17,NULL,NULL,'P',0.0000000,0,'',0,0,'','',0.0000000,0.0000000,0.0000000,0.0000000,0.0000000,0.0000000,''"
2026-09-06 01:49:47.1690000;rpc_completed;88;sp_prepexec;declare @p1 int set @p1=8 exec sp_prepexec @p1 output,N'@P1 varchar(15),@P2 varchar(2),@P3 varchar(15)',N'SELECT Top 1 * FROM STA19 WITH (INDEX(IX_1)) WHERE (COD_ARTICU = @P1 AND COD_DEPOSI >= @P2) OR (COD_ARTICU > @P3)  ORDER BY COD_ARTICU, COD_DEPOSI, ID_STA19','PTHIBOLROLI0010','03','PTHIBOLROLI0010' select @p1
2026-09-06 01:49:47.1720000;sp_statement_completed;88;;IF UPDATE(COD_DEPOSI)
2026-09-06 01:49:47.1720000;sp_statement_completed;88;;IF ( SELECT COUNT( * ) 		 FROM   INSERTED ) = 1
2026-09-06 01:49:47.1730000;sp_statement_completed;88;;SELECT @ID_STA22 = STA22.ID_STA22 			   FROM INSERTED  			   JOIN STA22 ON (INSERTED.COD_DEPOSI = STA22.COD_SUCURS)
2026-09-06 01:49:47.1730000;sp_statement_completed;88;;UPDATE STA19 SET ID_STA22 = @ID_STA22 			   FROM INSERTED 			   WHERE STA19.ID_STA19 = INSERTED.ID_STA19
2026-09-06 01:49:47.1730000;sp_statement_completed;88;;IF UPDATE(COD_ARTICU)
2026-09-06 01:49:47.1730000;sp_statement_completed;88;;SELECT @ID_STA11 = STA11.ID_STA11 			   FROM INSERTED  			   JOIN STA11 ON (INSERTED.COD_ARTICU = STA11.COD_ARTICU)
2026-09-06 01:49:47.1740000;sp_statement_completed;88;;UPDATE STA19 SET ID_STA11 = @ID_STA11 			   FROM INSERTED 			   WHERE STA19.ID_STA19 = INSERTED.ID_STA19
2026-09-06 01:49:47.1740000;sp_statement_completed;88;;"UPDATE ""TestingRH""..""STA19"" SET ""FILLER""=@P1,""CANT_STOCK""=@P2,""COD_ARTICU""=@P3,""COD_DEPOSI""=@P4,""COD_UBIC1""=@P5,""COD_UBIC2""=@P6,""COD_UBIC3""=@P7,""UBIC_TXT""=@P8 WHERE ""ID_STA19""=@P9 AND ""FILLER""=@P10 AND ""CANT_STOCK""=@P11 AND ""COD_ARTICU""=@P12 AND ""COD_DEPOSI""=@P13 AND ""COD_UBIC1""=@P14 AND ""COD_UBIC2""=@P15 AND ""COD_UBIC3""=@P16 AND ""UBIC_TXT""=@P17"
2026-09-06 01:49:47.1740000;rpc_completed;88;sp_executesql;"exec sp_executesql N'UPDATE ""TestingRH""..""STA19"" SET ""FILLER""=@P1,""CANT_STOCK""=@P2,""COD_ARTICU""=@P3,""COD_DEPOSI""=@P4,""COD_UBIC1""=@P5,""COD_UBIC2""=@P6,""COD_UBIC3""=@P7,""UBIC_TXT""=@P8 WHERE ""ID_STA19""=@P9 AND ""FILLER""=@P10 AND ""CANT_STOCK""=@P11 AND ""COD_ARTICU""=@P12 AND ""COD_DEPOSI""=@P13 AND ""COD_UBIC1""=@P14 AND ""COD_UBIC2""=@P15 AND ""COD_UBIC3""=@P16 AND ""UBIC_TXT""=@P17',N'@P1 varchar(1),@P2 numeric(22,7),@P3 varchar(15),@P4 varchar(2),@P5 varchar(1),@P6 varchar(1),@P7 varchar(1),@P8 varchar(1),@P9 int,@P10 varchar(1),@P11 numeric(22,7),@P12 varchar(15),@P13 varchar(2),@P14 varchar(1),@P15 varchar(1),@P16 varchar(1),@P17 varchar(1)','',-712.0000000,'PTHIBOLROLI0010','03','','','','',5279,'',-713.0000000,'PTHIBOLROLI0010','03','','','',''"
2026-09-06 01:49:47.2250000;sp_statement_completed;88;;IF ( SELECT COUNT( * ) 				 FROM   INSERTED ) = 1
2026-09-06 01:49:47.2250000;sp_statement_completed;88;;IF UPDATE(COD_ARTICU)
2026-09-06 01:49:47.2250000;sp_statement_completed;88;;SELECT @ID_STA11 = STA11.ID_STA11 			   FROM INSERTED  			   JOIN STA11 ON (INSERTED.COD_ARTICU = STA11.COD_ARTICU)
2026-09-06 01:49:47.2260000;sp_statement_completed;88;;UPDATE STA20 SET ID_STA11 = @ID_STA11 			   FROM INSERTED 			   WHERE STA20.ID_STA20 = INSERTED.ID_STA20
2026-09-06 01:49:47.2260000;sp_statement_completed;88;;IF NOT EXISTS(SELECT 1 FROM DELETED)
2026-09-06 01:49:47.2260000;sp_statement_completed;88;;SELECT @ID_STA14 = STA14.ID_STA14 			   FROM INSERTED  			   JOIN STA14 ON (INSERTED.TCOMP_IN_S = STA14.TCOMP_IN_S AND INSERTED.NCOMP_IN_S = STA14.NCOMP_IN_S)
2026-09-06 01:49:47.2260000;sp_statement_completed;88;;UPDATE STA20 SET ID_STA14 = @ID_STA14 			   FROM INSERTED 			   WHERE STA20.ID_STA20 = INSERTED.ID_STA20
2026-09-06 01:49:47.2260000;sp_statement_completed;88;;"INSERT INTO ""TestingRH""..""STA20"" (""FILLER"",""CAN_EQUI_V"",""CANT_DEV"",""CANT_OC"",""CANT_PEND"",""CANT_SCRAP"",""CANTIDAD"",""CANT_FACTU"",""COD_ARTICU"",""COD_DEPOSI"",""DEPOSI_DDE"",""EQUIVALENC"",""FECHA_MOV"",""N_ORDEN_CO"",""N_RENGL_OC"",""N_RENGL_S"",""NCOMP_IN_S"",""PLISTA_REM"",""PPP_EX"",""PPP_LO"",""PRECIO"",""PRECIO_REM"",""TCOMP_IN_S"",""TIPO_MOV"",""COD_CLASIF"",""DCTO_FACTU"",""CANT_DEV_2"",""CANT_PEND_2"",""CANTIDAD_2"",""CANT_FACTU_2"",""CANT_OC_2"",""ID_MEDIDA_STOCK_2"",""ID_MEDIDA_STOCK"",""ID_MEDIDA_VENTAS"",""ID_MEDIDA_COMPRA"",""UNIDAD_MEDIDA_SELECCIONADA"",""PRECIO_REMITO_VENTAS"",""RENGL_PADR"",""COD_ARTICU_KIT"",""PROMOCION"",""TALONARIO_OC"",""COD_DEPOSI_INGRESO"",""OBSERVACIONES"",""IMPUESTO_INTERNO_FIJO"",""IMPORTE_SIN_IMPUESTOS"",""IMPORTE_CON_IMPUESTOS"",""BASE_CALCULO_II_VARIABLE"",""CANTIDAD_PARTIDAS"",""CANTIDAD_PARTIDAS_2"",""NRO_OC_COMP"") VALUES (@P1,@P2,@P3,@P4,@P5,@P6,@P7,@P8,@P9,@P10,@P11,@P12,@P13,@P14,@P15,@P16,@P17,@P18,@P19,@P20,@P21,@P22,@P23,@P24,@P25,@P26,@P27,@P28,@P29,@P30,@P31,@P32,@P33,@P34,@P35,@P36,@P37,@P38,@P39,@P40,@P41,@P42,@P43,@P44,@P45,@P46,@P47,@P48,@P49,@P50)"
2026-09-06 01:49:47.2260000;rpc_completed;88;sp_executesql;"exec sp_executesql N'SET NOCOUNT OFF; INSERT INTO ""TestingRH""..""STA20"" (""FILLER"",""CAN_EQUI_V"",""CANT_DEV"",""CANT_OC"",""CANT_PEND"",""CANT_SCRAP"",""CANTIDAD"",""CANT_FACTU"",""COD_ARTICU"",""COD_DEPOSI"",""DEPOSI_DDE"",""EQUIVALENC"",""FECHA_MOV"",""N_ORDEN_CO"",""N_RENGL_OC"",""N_RENGL_S"",""NCOMP_IN_S"",""PLISTA_REM"",""PPP_EX"",""PPP_LO"",""PRECIO"",""PRECIO_REM"",""TCOMP_IN_S"",""TIPO_MOV"",""COD_CLASIF"",""DCTO_FACTU"",""CANT_DEV_2"",""CANT_PEND_2"",""CANTIDAD_2"",""CANT_FACTU_2"",""CANT_OC_2"",""ID_MEDIDA_STOCK_2"",""ID_MEDIDA_STOCK"",""ID_MEDIDA_VENTAS"",""ID_MEDIDA_COMPRA"",""UNIDAD_MEDIDA_SELECCIONADA"",""PRECIO_REMITO_VENTAS"",""RENGL_PADR"",""COD_ARTICU_KIT"",""PROMOCION"",""TALONARIO_OC"",""COD_DEPOSI_INGRESO"",""OBSERVACIONES"",""IMPUESTO_INTERNO_FIJO"",""IMPORTE_SIN_IMPUESTOS"",""IMPORTE_CON_IMPUESTOS"",""BASE_CALCULO_II_VARIABLE"",""CANTIDAD_PARTIDAS"",""CANTIDAD_PARTIDAS_2"",""NRO_OC_COMP"") VALUES (@P1,@P2,@P3,@P4,@P5,@P6,@P7,@P8,@P9,@P10,@P11,@P12,@P13,@P14,@P15,@P16,@P17,@P18,@P19,@P20,@P21,@P22,@P23,@P24,@P25,@P26,@P27,@P28,@P29,@P30,@P31,@P32,@P33,@P34,@P35,@P36,@P37,@P38,@P39,@P40,@P41,@P42,@P43,@P44,@P45,@P46,@P47,@P48,@P49,@P50); SELECT SCOPE_IDENTITY() AS SCOPE_ID_COLUMN',N'@P1 varchar(1),@P2 numeric(22,7),@P3 numeric(22,7),@P4 numeric(22,7),@P5 numeric(22,7),@P6 numeric(22,7),@P7 numeric(22,7),@P8 numeric(22,7),@P9 varchar(15),@P10 varchar(2),@P11 varchar(2),@P12 numeric(22,7),@P13 datetime,@P14 varchar(1),@P15 int,@P16 int,@P17 varchar(8),@P18 numeric(22,7),@P19 numeric(22,7),@P20 numeric(22,7),@P21 numeric(22,7),@P22 numeric(22,7),@P23 varchar(2),@P24 varchar(1),@P25 varchar(1),@P26 numeric(22,7),@P27 numeric(22,7),@P28 numeric(22,7),@P29 numeric(22,7),@P30 numeric(22,7),@P31 numeric(22,7),@P32 int,@P33 int,@P34 int,@P35 int,@P36 varchar(1),@P37 numeric(22,7),@P38 int,@P39 varchar(1),@P40 bit,@P41 smallint,@P42 varchar(1),@P43 varchar(1),@P44 numeric(22,7),@P45 numeric(22,7),@P46 numeric(22,7),@P47 numeric(22,7),@P48 numeric(22,7),@P49 numeric(22,7),@P50 varchar(1)','',1.0000000,0.0000000,0.0000000,0.0000000,0.0000000,1.0000000,0.0000000,'PTHIBOLROLI0010','01','03',1.0000000,'2026-09-05 00:00:00','',0,2,'00073673',0.0000000,0.0000000,0.0000000,0.0000000,0.0000000,'TI','S','',0.0000000,0.0000000,0.0000000,0.0000000,0.0000000,0.0000000,NULL,17,NULL,NULL,'P',0.0000000,0,'',0,0,'','',0.0000000,0.0000000,0.0000000,0.0000000,0.0000000,0.0000000,''"
2026-09-06 01:49:47.2800000;sp_statement_completed;88;;IF ( SELECT COUNT( * ) 		 FROM   INSERTED ) = 1
2026-09-06 01:49:47.2800000;sp_statement_completed;88;;UPDATE STA19 SET ID_STA22 = @ID_STA22 			   FROM INSERTED 			   WHERE STA19.ID_STA19 = INSERTED.ID_STA19
2026-09-06 01:49:47.2800000;sp_statement_completed;88;;IF UPDATE(COD_ARTICU)
2026-09-06 01:49:47.2800000;sp_statement_completed;88;;SELECT @ID_STA11 = STA11.ID_STA11 			   FROM INSERTED  			   JOIN STA11 ON (INSERTED.COD_ARTICU = STA11.COD_ARTICU)
2026-09-06 01:49:47.2800000;sp_statement_completed;88;;IF UPDATE(COD_DEPOSI)
2026-09-06 01:49:47.2800000;sp_statement_completed;88;;SELECT @ID_STA22 = STA22.ID_STA22 			   FROM INSERTED  			   JOIN STA22 ON (INSERTED.COD_DEPOSI = STA22.COD_SUCURS)
2026-09-06 01:49:47.2810000;sp_statement_completed;88;;UPDATE STA19 SET ID_STA11 = @ID_STA11 			   FROM INSERTED 			   WHERE STA19.ID_STA19 = INSERTED.ID_STA19
2026-09-06 01:49:47.2810000;sp_statement_completed;88;;"UPDATE ""TestingRH""..""STA19"" SET ""FILLER""=@P1,""CANT_STOCK""=@P2,""COD_ARTICU""=@P3,""COD_DEPOSI""=@P4,""COD_UBIC1""=@P5,""COD_UBIC2""=@P6,""COD_UBIC3""=@P7,""UBIC_TXT""=@P8 WHERE ""ID_STA19""=@P9 AND ""FILLER""=@P10 AND ""CANT_STOCK""=@P11 AND ""COD_ARTICU""=@P12 AND ""COD_DEPOSI""=@P13 AND ""COD_UBIC1""=@P14 AND ""COD_UBIC2""=@P15 AND ""COD_UBIC3""=@P16 AND ""UBIC_TXT""=@P17"
2026-09-06 01:49:47.2810000;rpc_completed;88;sp_executesql;"exec sp_executesql N'UPDATE ""TestingRH""..""STA19"" SET ""FILLER""=@P1,""CANT_STOCK""=@P2,""COD_ARTICU""=@P3,""COD_DEPOSI""=@P4,""COD_UBIC1""=@P5,""COD_UBIC2""=@P6,""COD_UBIC3""=@P7,""UBIC_TXT""=@P8 WHERE ""ID_STA19""=@P9 AND ""FILLER""=@P10 AND ""CANT_STOCK""=@P11 AND ""COD_ARTICU""=@P12 AND ""COD_DEPOSI""=@P13 AND ""COD_UBIC1""=@P14 AND ""COD_UBIC2""=@P15 AND ""COD_UBIC3""=@P16 AND ""UBIC_TXT""=@P17',N'@P1 varchar(1),@P2 numeric(22,7),@P3 varchar(15),@P4 varchar(2),@P5 varchar(1),@P6 varchar(1),@P7 varchar(1),@P8 varchar(1),@P9 int,@P10 varchar(1),@P11 numeric(22,7),@P12 varchar(15),@P13 varchar(2),@P14 varchar(1),@P15 varchar(1),@P16 varchar(1),@P17 varchar(1)','',48855.0000000,'PTHIBOLROLI0010','01','','','','',5256,'',48856.0000000,'PTHIBOLROLI0010','01','','','',''"
2026-09-06 01:49:47.4110000;rpc_completed;88;sp_prepexec;declare @p1 int set @p1=9 exec sp_prepexec @p1 output,N'@P1 int',N'SELECT Top 1 * FROM STA20 WHERE (ID_STA20 = @P1)  ORDER BY ID_STA20',1372462 select @p1
2026-09-06 01:49:47.4190000;sp_statement_completed;78;;INSERT INTO TablasEnUso VALUES(@ProcessID, @TableName, @TableID, 'S', @AppName, @Terminal, @User)
2026-09-06 01:49:47.4250000;sp_statement_completed;78;;INSERT INTO TablasEnUso VALUES(@ProcessID, @TableName, @TableID, @Modo, @AppName, @Terminal, @User)
2026-09-06 01:49:47.4270000;sp_statement_completed;78;;INSERT INTO TablasEnUso VALUES(@ProcessID, @TableName, @TableID, 'S', @AppName, @Terminal, @User)
2026-09-06 01:49:47.4320000;sp_statement_completed;78;;INSERT INTO TablasEnUso VALUES(@ProcessID, @TableName, @TableID, @Modo, @AppName, @Terminal, @User)
2026-09-06 01:49:47.4340000;sp_statement_completed;78;;INSERT INTO TablasEnUso VALUES(@ProcessID, @TableName, @TableID, 'S', @AppName, @Terminal, @User)
2026-09-06 01:49:47.4400000;sp_statement_completed;78;;INSERT INTO TablasEnUso VALUES(@ProcessID, @TableName, @TableID, @Modo, @AppName, @Terminal, @User)
2026-09-06 01:49:47.4450000;sp_statement_completed;88;;"UPDATE ""TestingRH""..""STA17"" SET ""FILLER""=@P1,""DESCRIP""=@P2,""DESTINO""=@P3,""N_TYP""=@P4,""PROXIMO""=@P5,""ID_FORMULARIO_GRAFICO""=@P6 WHERE ""FILLER""=@P7 AND ""DESCRIP""=@P8 AND ""DESTINO""=@P9 AND ""N_TYP""=@P10 AND ""PROXIMO""=@P11 AND ""ID_STA17""=@P12 AND ""ID_FORMULARIO_GRAFICO"" IS NULL"
2026-09-06 01:49:47.4450000;rpc_completed;88;sp_executesql;"exec sp_executesql N'UPDATE ""TestingRH""..""STA17"" SET ""FILLER""=@P1,""DESCRIP""=@P2,""DESTINO""=@P3,""N_TYP""=@P4,""PROXIMO""=@P5,""ID_FORMULARIO_GRAFICO""=@P6 WHERE ""FILLER""=@P7 AND ""DESCRIP""=@P8 AND ""DESTINO""=@P9 AND ""N_TYP""=@P10 AND ""PROXIMO""=@P11 AND ""ID_STA17""=@P12 AND ""ID_FORMULARIO_GRAFICO"" IS NULL',N'@P1 varchar(1),@P2 varchar(24),@P3 varchar(1),@P4 varchar(1),@P5 float,@P6 int,@P7 varchar(1),@P8 varchar(24),@P9 varchar(1),@P10 varchar(1),@P11 float,@P12 int','','TRASLADO ENTRE DEPOSITOS','','',67901,NULL,'','TRASLADO ENTRE DEPOSITOS','','',67900,13"
2026-09-06 01:49:47.4590000;rpc_completed;89;sp_prepexec;declare @p1 int set @p1=43 exec sp_prepexec @p1 output,N'@P1 int',N'SELECT Top 1 * FROM STA20 WITH (NOLOCK) WHERE (ID_STA20 = @P1)  ORDER BY ID_STA20',1372462 select @p1
2026-09-06 01:49:47.4710000;rpc_completed;89;sp_prepexec;declare @p1 int set @p1=44 exec sp_prepexec @p1 output,N'@P1 int',N'SELECT Top 1 * FROM STA19 WITH (NOLOCK) WHERE (ID_STA19 = @P1)  ORDER BY ID_STA19',5256 select @p1
2026-09-06 01:49:47.4780000;rpc_completed;89;sp_prepexec;declare @p1 int set @p1=45 exec sp_prepexec @p1 output,N'@P1 int',N'SELECT Top 1 * FROM STA17 WITH (NOLOCK) WHERE (ID_STA17 = @P1)  ORDER BY ID_STA17',13 select @p1
2026-09-06 01:49:47.4880000;rpc_completed;89;sp_prepexec;declare @p1 int set @p1=46 exec sp_prepexec @p1 output,N'@P1 int',N'SELECT Top 1 * FROM STA14 WITH (NOLOCK) WHERE (ID_STA14 = @P1)  ORDER BY ID_STA14',890331 select @p1
2026-09-06 01:49:49.6790000;sql_statement_completed;88;NULL;Delete STA90 Where TER = '{B2774E5A-9B85-4625-AF75-8DD9E4B0A63A}' or TER not in (Select IDPROCESO From TABLASENUSO(nolock))
